{
"meta":{"test_sets":[],"test_metrics":[],"learn_metrics":[{"best_value":"Min","name":"RMSE"}],"launch_mode":"Train","parameters":"","iteration_count":100,"learn_sets":["learn"],"name":"experiment"},
"iterations":[
{"learn":[14.48906053],"iteration":0,"passed_time":0.0009021197532,"remaining_time":0.08930985556},
{"learn":[14.02225494],"iteration":1,"passed_time":0.001646839548,"remaining_time":0.08069513784},
{"learn":[13.56781557],"iteration":2,"passed_time":0.00237380663,"remaining_time":0.07675308103},
{"learn":[13.12463458],"iteration":3,"passed_time":0.003095202359,"remaining_time":0.07428485662},
{"learn":[12.71480547],"iteration":4,"passed_time":0.003825189441,"remaining_time":0.07267859939},
{"learn":[12.37074499],"iteration":5,"passed_time":0.004549026684,"remaining_time":0.07126808472},
{"learn":[12.00146342],"iteration":6,"passed_time":0.005270693351,"remaining_time":0.07002492594},
{"learn":[11.66022109],"iteration":7,"passed_time":0.00600605947,"remaining_time":0.06906968391},
{"learn":[11.33745818],"iteration":8,"passed_time":0.006734985929,"remaining_time":0.06809819106},
{"learn":[11.01795019],"iteration":9,"passed_time":0.007459425554,"remaining_time":0.06713482998},
{"learn":[10.70220893],"iteration":10,"passed_time":0.008201461032,"remaining_time":0.06635727563},
{"learn":[10.44536252],"iteration":11,"passed_time":0.00898802725,"remaining_time":0.06591219983},
{"learn":[10.16726954],"iteration":12,"passed_time":0.009972342566,"remaining_time":0.06673798487},
{"learn":[9.888891732],"iteration":13,"passed_time":0.01085753706,"remaining_time":0.0666962991},
{"learn":[9.656981402],"iteration":14,"passed_time":0.0117548104,"remaining_time":0.06661059228},
{"learn":[9.400134447],"iteration":15,"passed_time":0.01267977285,"remaining_time":0.06656880749},
{"learn":[9.172403604],"iteration":16,"passed_time":0.01343732225,"remaining_time":0.06560574982},
{"learn":[8.969165416],"iteration":17,"passed_time":0.01417046769,"remaining_time":0.06455435283},
{"learn":[8.771631217],"iteration":18,"passed_time":0.01490684703,"remaining_time":0.06355024261},
{"learn":[8.587012111],"iteration":19,"passed_time":0.01561207366,"remaining_time":0.06244829464},
{"learn":[8.42128291],"iteration":20,"passed_time":0.01636974677,"remaining_time":0.06158142833},
{"learn":[8.265258922],"iteration":21,"passed_time":0.01710081914,"remaining_time":0.06063017696},
{"learn":[8.11358584],"iteration":22,"passed_time":0.01784331826,"remaining_time":0.05973632634},
{"learn":[7.954074432],"iteration":23,"passed_time":0.01856006336,"remaining_time":0.05877353397},
{"learn":[7.802491738],"iteration":24,"passed_time":0.01927338533,"remaining_time":0.05782015598},
{"learn":[7.683374649],"iteration":25,"passed_time":0.02000873064,"remaining_time":0.05694792566},
{"learn":[7.564839813],"iteration":26,"passed_time":0.02073305695,"remaining_time":0.05605604287},
{"learn":[7.456042344],"iteration":27,"passed_time":0.02145602165,"remaining_time":0.0551726271},
{"learn":[7.335469988],"iteration":28,"passed_time":0.02217431143,"remaining_time":0.05428883144},
{"learn":[7.231056944],"iteration":29,"passed_time":0.02289045531,"remaining_time":0.05341106238},
{"learn":[7.137135968],"iteration":30,"passed_time":0.02367704966,"remaining_time":0.05270052989},
{"learn":[7.035057511],"iteration":31,"passed_time":0.02441252408,"remaining_time":0.05187661366},
{"learn":[6.932195781],"iteration":32,"passed_time":0.02516476882,"remaining_time":0.05109210639},
{"learn":[6.846815424],"iteration":33,"passed_time":0.02588443179,"remaining_time":0.05024624994},
{"learn":[6.757114],"iteration":34,"passed_time":0.02662454913,"remaining_time":0.04944559124},
{"learn":[6.674482992],"iteration":35,"passed_time":0.02734664436,"remaining_time":0.04861625664},
{"learn":[6.597959129],"iteration":36,"passed_time":0.02805148173,"remaining_time":0.04776333376},
{"learn":[6.542194409],"iteration":37,"passed_time":0.02880348945,"remaining_time":0.046995167},
{"learn":[6.478207558],"iteration":38,"passed_time":0.02952457571,"remaining_time":0.04617946457},
{"learn":[6.417029099],"iteration":39,"passed_time":0.0302598212,"remaining_time":0.04538973179},
{"learn":[6.365051169],"iteration":40,"passed_time":0.03098055596,"remaining_time":0.04458177566},
{"learn":[6.309481879],"iteration":41,"passed_time":0.0317088916,"remaining_time":0.04378846936},
{"learn":[6.25450557],"iteration":42,"passed_time":0.03245023182,"remaining_time":0.04301542357},
{"learn":[6.202492966],"iteration":43,"passed_time":0.03316001774,"remaining_time":0.04220365894},
{"learn":[6.151791129],"iteration":44,"passed_time":0.03388938163,"remaining_time":0.04142035532},
{"learn":[6.10166067],"iteration":45,"passed_time":0.03461789686,"remaining_time":0.04063840067},
{"learn":[6.057933153],"iteration":46,"passed_time":0.03535067772,"remaining_time":0.03986353019},
{"learn":[6.015623493],"iteration":47,"passed_time":0.03607976103,"remaining_time":0.03908640779},
{"learn":[5.973327342],"iteration":48,"passed_time":0.03680699481,"remaining_time":0.03830932113},
{"learn":[5.927623358],"iteration":49,"passed_time":0.03753156393,"remaining_time":0.03753156393},
{"learn":[5.893829146],"iteration":50,"passed_time":0.03841058585,"remaining_time":0.03690428837},
{"learn":[5.858301756],"iteration":51,"passed_time":0.0391473556,"remaining_time":0.03613602055},
{"learn":[5.827614424],"iteration":52,"passed_time":0.03989648553,"remaining_time":0.03537990227},
{"learn":[5.786562323],"iteration":53,"passed_time":0.04062796335,"remaining_time":0.03460900581},
{"learn":[5.755232727],"iteration":54,"passed_time":0.04134233438,"remaining_time":0.03382554631},
{"learn":[5.731353544],"iteration":55,"passed_time":0.04207138571,"remaining_time":0.03305608877},
{"learn":[5.699841931],"iteration":56,"passed_time":0.04279020927,"remaining_time":0.03228033331},
{"learn":[5.675499324],"iteration":57,"passed_time":0.04350438221,"remaining_time":0.03150317332},
{"learn":[5.646219229],"iteration":58,"passed_time":0.04423555902,"remaining_time":0.03073996474},
{"learn":[5.627733028],"iteration":59,"passed_time":0.04493240858,"remaining_time":0.02995493905},
{"learn":[5.604626882],"iteration":60,"passed_time":0.04565589549,"remaining_time":0.02918983482},
{"learn":[5.580096597],"iteration":61,"passed_time":0.04637114254,"remaining_time":0.02842102285},
{"learn":[5.557611758],"iteration":62,"passed_time":0.04709206731,"remaining_time":0.02765724588},
{"learn":[5.535408067],"iteration":63,"passed_time":0.0478201243,"remaining_time":0.02689881992},
{"learn":[5.515436477],"iteration":64,"passed_time":0.04856499171,"remaining_time":0.02615038015},
{"learn":[5.494526496],"iteration":65,"passed_time":0.0492700927,"remaining_time":0.0253815629},
{"learn":[5.47622672],"iteration":66,"passed_time":0.0499929911,"remaining_time":0.02462341353},
{"learn":[5.458553191],"iteration":67,"passed_time":0.05072153409,"remaining_time":0.02386895722},
{"learn":[5.443757511],"iteration":68,"passed_time":0.05143514704,"remaining_time":0.02310854432},
{"learn":[5.428493032],"iteration":69,"passed_time":0.05213468669,"remaining_time":0.02234343715},
{"learn":[5.411757475],"iteration":70,"passed_time":0.05296896397,"remaining_time":0.02163521064},
{"learn":[5.401442906],"iteration":71,"passed_time":0.05369841034,"remaining_time":0.02088271513},
{"learn":[5.385336348],"iteration":72,"passed_time":0.05443299949,"remaining_time":0.02013275324},
{"learn":[5.37086993],"iteration":73,"passed_time":0.05517462259,"remaining_time":0.01938567821},
{"learn":[5.356982577],"iteration":74,"passed_time":0.0559330033,"remaining_time":0.01864433443},
{"learn":[5.34084503],"iteration":75,"passed_time":0.05666971485,"remaining_time":0.01789569943},
{"learn":[5.329564381],"iteration":76,"passed_time":0.0573934226,"remaining_time":0.01714348987},
{"learn":[5.31891498],"iteration":77,"passed_time":0.05810951367,"remaining_time":0.01638986283},
{"learn":[5.308063508],"iteration":78,"passed_time":0.05882777147,"remaining_time":0.01563776204},
{"learn":[5.292162526],"iteration":79,"passed_time":0.05954905967,"remaining_time":0.01488726492},
{"learn":[5.284114279],"iteration":80,"passed_time":0.06024829371,"remaining_time":0.01413231581},
{"learn":[5.269540591],"iteration":81,"passed_time":0.06098361473,"remaining_time":0.01338664714},
{"learn":[5.265367024],"iteration":82,"passed_time":0.06133895611,"remaining_time":0.01256340065},
{"learn":[5.255908248],"iteration":83,"passed_time":0.06206326508,"remaining_time":0.0118215743},
{"learn":[5.246696225],"iteration":84,"passed_time":0.06279097059,"remaining_time":0.01108075952},
{"learn":[5.234022257],"iteration":85,"passed_time":0.06352193428,"remaining_time":0.01034078},
{"learn":[5.224942925],"iteration":86,"passed_time":0.06425928251,"remaining_time":0.009601961755},
{"learn":[5.21726758],"iteration":87,"passed_time":0.06499496774,"remaining_time":0.008862950147},
{"learn":[5.207926447],"iteration":88,"passed_time":0.06573928441,"remaining_time":0.008125080096},
{"learn":[5.202592273],"iteration":89,"passed_time":0.06656497034,"remaining_time":0.007396107816},
{"learn":[5.191180103],"iteration":90,"passed_time":0.06732670288,"remaining_time":0.0066586849},
{"learn":[5.183297034],"iteration":91,"passed_time":0.06805402838,"remaining_time":0.005917741599},
{"learn":[5.175836142],"iteration":92,"passed_time":0.06877617641,"remaining_time":0.005176701451},
{"learn":[5.16730645],"iteration":93,"passed_time":0.06950948449,"remaining_time":0.004436775606},
{"learn":[5.160668698],"iteration":94,"passed_time":0.07023731487,"remaining_time":0.003696700783},
{"learn":[5.148425288],"iteration":95,"passed_time":0.07096669264,"remaining_time":0.002956945527},
{"learn":[5.142979162],"iteration":96,"passed_time":0.07168755343,"remaining_time":0.002217140828},
{"learn":[5.138119794],"iteration":97,"passed_time":0.07241317816,"remaining_time":0.001477819962},
{"learn":[5.133351679],"iteration":98,"passed_time":0.07312060273,"remaining_time":0.0007385919468},
{"learn":[5.122207122],"iteration":99,"passed_time":0.07385798874,"remaining_time":0}
]}