{
"meta":{"test_sets":[],"test_metrics":[],"learn_metrics":[{"best_value":"Min","name":"RMSE"}],"launch_mode":"Train","parameters":"","iteration_count":1000,"learn_sets":["learn"],"name":"experiment"},
"iterations":[
{"learn":[14.59871775],"iteration":0,"passed_time":0.001026189468,"remaining_time":1.025163279},
{"learn":[14.22518863],"iteration":1,"passed_time":0.00264159548,"remaining_time":1.318156144},
{"learn":[13.8866124],"iteration":2,"passed_time":0.003488887778,"remaining_time":1.159473705},
{"learn":[13.52356875],"iteration":3,"passed_time":0.004332836722,"remaining_time":1.078876344},
{"learn":[13.18870211],"iteration":4,"passed_time":0.005228434968,"remaining_time":1.040458559},
{"learn":[12.9124226],"iteration":5,"passed_time":0.006026198685,"remaining_time":0.9983402489},
{"learn":[12.60003351],"iteration":6,"passed_time":0.006827850776,"remaining_time":0.968579403},
{"learn":[12.32990573],"iteration":7,"passed_time":0.007644954218,"remaining_time":0.947974323},
{"learn":[12.0660619],"iteration":8,"passed_time":0.008461615168,"remaining_time":0.9317178479},
{"learn":[11.77309809],"iteration":9,"passed_time":0.009246226717,"remaining_time":0.9153764449},
{"learn":[11.49227636],"iteration":10,"passed_time":0.01004324498,"remaining_time":0.9029790262},
{"learn":[11.26264833],"iteration":11,"passed_time":0.01085265648,"remaining_time":0.8935353831},
{"learn":[11.04260393],"iteration":12,"passed_time":0.01171356656,"remaining_time":0.889330015},
{"learn":[10.79916926],"iteration":13,"passed_time":0.01252997273,"remaining_time":0.8824680795},
{"learn":[10.5541002],"iteration":14,"passed_time":0.0133256616,"remaining_time":0.8750517781},
{"learn":[10.31918115],"iteration":15,"passed_time":0.01409741815,"remaining_time":0.8669912165},
{"learn":[10.10004441],"iteration":16,"passed_time":0.01488725287,"remaining_time":0.8608335044},
{"learn":[9.894556723],"iteration":17,"passed_time":0.01567889687,"remaining_time":0.8553709294},
{"learn":[9.690174082],"iteration":18,"passed_time":0.01747579873,"remaining_time":0.9023030817},
{"learn":[9.506034866],"iteration":19,"passed_time":0.01834279037,"remaining_time":0.8987967282},
{"learn":[9.338524633],"iteration":20,"passed_time":0.01929088474,"remaining_time":0.8993226744},
{"learn":[9.170203312],"iteration":21,"passed_time":0.02016872475,"remaining_time":0.896591491},
{"learn":[9.010299969],"iteration":22,"passed_time":0.02106841681,"remaining_time":0.8949497053},
{"learn":[8.843866678],"iteration":23,"passed_time":0.0219503487,"remaining_time":0.8926475138},
{"learn":[8.690548059],"iteration":24,"passed_time":0.02279960716,"remaining_time":0.8891846791},
{"learn":[8.555307687],"iteration":25,"passed_time":0.0235816925,"remaining_time":0.8834064804},
{"learn":[8.413851302],"iteration":26,"passed_time":0.02433325248,"remaining_time":0.876898321},
{"learn":[8.29256019],"iteration":27,"passed_time":0.02510864726,"remaining_time":0.8716287549},
{"learn":[8.162193833],"iteration":28,"passed_time":0.02589235032,"remaining_time":0.8669473157},
{"learn":[8.040736294],"iteration":29,"passed_time":0.02668864895,"remaining_time":0.8629329829},
{"learn":[7.921220278],"iteration":30,"passed_time":0.02747255205,"remaining_time":0.8587388046},
{"learn":[7.809589039],"iteration":31,"passed_time":0.02824011805,"remaining_time":0.854263571},
{"learn":[7.699675801],"iteration":32,"passed_time":0.02900992772,"remaining_time":0.8500787912},
{"learn":[7.60645267],"iteration":33,"passed_time":0.02980894337,"remaining_time":0.8469246851},
{"learn":[7.498880302],"iteration":34,"passed_time":0.03061070531,"remaining_time":0.843980875},
{"learn":[7.401158744],"iteration":35,"passed_time":0.03261851288,"remaining_time":0.8734512893},
{"learn":[7.306431077],"iteration":36,"passed_time":0.033492404,"remaining_time":0.871707704},
{"learn":[7.223863468],"iteration":37,"passed_time":0.03432294445,"remaining_time":0.8689124358},
{"learn":[7.143477682],"iteration":38,"passed_time":0.03511338046,"remaining_time":0.8652297084},
{"learn":[7.062817131],"iteration":39,"passed_time":0.03590420925,"remaining_time":0.861701022},
{"learn":[6.990793435],"iteration":40,"passed_time":0.03668288725,"remaining_time":0.8580216798},
{"learn":[6.931862224],"iteration":41,"passed_time":0.03745540468,"remaining_time":0.8543399448},
{"learn":[6.858296558],"iteration":42,"passed_time":0.03826527678,"remaining_time":0.8516248808},
{"learn":[6.786268161],"iteration":43,"passed_time":0.03905884916,"remaining_time":0.8486422681},
{"learn":[6.717118549],"iteration":44,"passed_time":0.03985063423,"remaining_time":0.8457190154},
{"learn":[6.652948106],"iteration":45,"passed_time":0.04063134276,"remaining_time":0.8426587173},
{"learn":[6.589686076],"iteration":46,"passed_time":0.04143807888,"remaining_time":0.8402231739},
{"learn":[6.531283097],"iteration":47,"passed_time":0.04224059899,"remaining_time":0.83777188},
{"learn":[6.471368031],"iteration":48,"passed_time":0.04305111594,"remaining_time":0.835543087},
{"learn":[6.416481395],"iteration":49,"passed_time":0.04384881876,"remaining_time":0.8331275564},
{"learn":[6.369870822],"iteration":50,"passed_time":0.04464805064,"remaining_time":0.8308039227},
{"learn":[6.325678067],"iteration":51,"passed_time":0.04543045898,"remaining_time":0.8282322137},
{"learn":[6.275766122],"iteration":52,"passed_time":0.04626598826,"remaining_time":0.8266771864},
{"learn":[6.224773967],"iteration":53,"passed_time":0.04806739134,"remaining_time":0.8420694854},
{"learn":[6.182249254],"iteration":54,"passed_time":0.04907893774,"remaining_time":0.8432653848},
{"learn":[6.139904173],"iteration":55,"passed_time":0.05002871034,"remaining_time":0.8433411171},
{"learn":[6.100525536],"iteration":56,"passed_time":0.0508801562,"remaining_time":0.841754163},
{"learn":[6.062568564],"iteration":57,"passed_time":0.05170607786,"remaining_time":0.8397780232},
{"learn":[6.030559288],"iteration":58,"passed_time":0.05251592144,"remaining_time":0.8375844419},
{"learn":[5.997931376],"iteration":59,"passed_time":0.05330739738,"remaining_time":0.8351492257},
{"learn":[5.964103835],"iteration":60,"passed_time":0.05424228023,"remaining_time":0.8349754284},
{"learn":[5.933729724],"iteration":61,"passed_time":0.05515851522,"remaining_time":0.8344949561},
{"learn":[5.901932711],"iteration":62,"passed_time":0.05599571463,"remaining_time":0.8328251525},
{"learn":[5.873727795],"iteration":63,"passed_time":0.05682302043,"remaining_time":0.8310366737},
{"learn":[5.846485734],"iteration":64,"passed_time":0.05763358324,"remaining_time":0.8290369282},
{"learn":[5.820630862],"iteration":65,"passed_time":0.05857591328,"remaining_time":0.8289379243},
{"learn":[5.793646238],"iteration":66,"passed_time":0.0595129311,"remaining_time":0.8287397719},
{"learn":[5.765388646],"iteration":67,"passed_time":0.06026281363,"remaining_time":0.8259550339},
{"learn":[5.747073912],"iteration":68,"passed_time":0.06104293127,"remaining_time":0.8236372321},
{"learn":[5.722315217],"iteration":69,"passed_time":0.0640352686,"remaining_time":0.8507542828},
{"learn":[5.699970599],"iteration":70,"passed_time":0.06532644486,"remaining_time":0.8547643278},
{"learn":[5.682732647],"iteration":71,"passed_time":0.06663467978,"remaining_time":0.8588469838},
{"learn":[5.663525791],"iteration":72,"passed_time":0.0675187401,"remaining_time":0.8573955078},
{"learn":[5.642381613],"iteration":73,"passed_time":0.06845270905,"remaining_time":0.8565838997},
{"learn":[5.621404779],"iteration":74,"passed_time":0.06929676669,"remaining_time":0.8546601225},
{"learn":[5.602460129],"iteration":75,"passed_time":0.07020185306,"remaining_time":0.8535067398},
{"learn":[5.587337574],"iteration":76,"passed_time":0.07104403435,"remaining_time":0.8516057624},
{"learn":[5.572393026],"iteration":77,"passed_time":0.07189733806,"remaining_time":0.8498634063},
{"learn":[5.558425806],"iteration":78,"passed_time":0.07280766571,"remaining_time":0.848808356},
{"learn":[5.541518902],"iteration":79,"passed_time":0.07368108119,"remaining_time":0.8473324337},
{"learn":[5.526157283],"iteration":80,"passed_time":0.07478251577,"remaining_time":0.8484584197},
{"learn":[5.511746977],"iteration":81,"passed_time":0.07600635703,"remaining_time":0.850900436},
{"learn":[5.504975022],"iteration":82,"passed_time":0.0785302791,"remaining_time":0.8676176619},
{"learn":[5.493980522],"iteration":83,"passed_time":0.07978653516,"remaining_time":0.8700531692},
{"learn":[5.480745463],"iteration":84,"passed_time":0.08137132756,"remaining_time":0.8759384084},
{"learn":[5.464052013],"iteration":85,"passed_time":0.08270095431,"remaining_time":0.8789380493},
{"learn":[5.449143727],"iteration":86,"passed_time":0.08380062355,"remaining_time":0.8794249345},
{"learn":[5.438255432],"iteration":87,"passed_time":0.08475027512,"remaining_time":0.8783210331},
{"learn":[5.425927931],"iteration":88,"passed_time":0.08561790815,"remaining_time":0.8763810598},
{"learn":[5.412331217],"iteration":89,"passed_time":0.08654906181,"remaining_time":0.8751071805},
{"learn":[5.400691499],"iteration":90,"passed_time":0.08728967399,"remaining_time":0.8719375127},
{"learn":[5.391618744],"iteration":91,"passed_time":0.08801959353,"remaining_time":0.8687151188},
{"learn":[5.380766572],"iteration":92,"passed_time":0.08875090877,"remaining_time":0.8655599382},
{"learn":[5.372207183],"iteration":93,"passed_time":0.08948739437,"remaining_time":0.8625061628},
{"learn":[5.362918837],"iteration":94,"passed_time":0.09020096216,"remaining_time":0.8592828501},
{"learn":[5.348292324],"iteration":95,"passed_time":0.09370864349,"remaining_time":0.8824230595},
{"learn":[5.339772295],"iteration":96,"passed_time":0.09475917191,"remaining_time":0.8821395076},
{"learn":[5.331515983],"iteration":97,"passed_time":0.09643048408,"remaining_time":0.8875540473},
{"learn":[5.323861644],"iteration":98,"passed_time":0.09875198178,"remaining_time":0.8987427837},
{"learn":[5.313277281],"iteration":99,"passed_time":0.0999705594,"remaining_time":0.8997350346},
{"learn":[5.30685627],"iteration":100,"passed_time":0.1012926908,"remaining_time":0.9016052377},
{"learn":[5.29652059],"iteration":101,"passed_time":0.1054302065,"remaining_time":0.928199269},
{"learn":[5.288350766],"iteration":102,"passed_time":0.1082552439,"remaining_time":0.9427665418},
{"learn":[5.27993346],"iteration":103,"passed_time":0.1133305137,"remaining_time":0.9763859641},
{"learn":[5.271789139],"iteration":104,"passed_time":0.1151152624,"remaining_time":0.9812205704},
{"learn":[5.262684686],"iteration":105,"passed_time":0.1163164526,"remaining_time":0.9810085721},
{"learn":[5.251619772],"iteration":106,"passed_time":0.1180346677,"remaining_time":0.9850930679},
{"learn":[5.241012171],"iteration":107,"passed_time":0.1196622939,"remaining_time":0.9883219088},
{"learn":[5.232684032],"iteration":108,"passed_time":0.1209153326,"remaining_time":0.9883996457},
{"learn":[5.224267141],"iteration":109,"passed_time":0.1221639584,"remaining_time":0.9884174817},
{"learn":[5.216324968],"iteration":110,"passed_time":0.1265992596,"remaining_time":1.013934611},
{"learn":[5.211102527],"iteration":111,"passed_time":0.1284667346,"remaining_time":1.018557682},
{"learn":[5.206364257],"iteration":112,"passed_time":0.1297309046,"remaining_time":1.018330198},
{"learn":[5.196937641],"iteration":113,"passed_time":0.130995595,"remaining_time":1.018088572},
{"learn":[5.190746047],"iteration":114,"passed_time":0.132001549,"remaining_time":1.015838007},
{"learn":[5.181885213],"iteration":115,"passed_time":0.1329353164,"remaining_time":1.01305879},
{"learn":[5.178293568],"iteration":116,"passed_time":0.1339032211,"remaining_time":1.010568754},
{"learn":[5.170991438],"iteration":117,"passed_time":0.1348987214,"remaining_time":1.008310782},
{"learn":[5.166257212],"iteration":118,"passed_time":0.1360175122,"remaining_time":1.006986792},
{"learn":[5.161421246],"iteration":119,"passed_time":0.1369703229,"remaining_time":1.004449034},
{"learn":[5.158223542],"iteration":120,"passed_time":0.1454187346,"remaining_time":1.056388989},
{"learn":[5.15470988],"iteration":121,"passed_time":0.1467334169,"remaining_time":1.055999508},
{"learn":[5.146388143],"iteration":122,"passed_time":0.1480618491,"remaining_time":1.055693022},
{"learn":[5.139529364],"iteration":123,"passed_time":0.1498190042,"remaining_time":1.058398772},
{"learn":[5.134276023],"iteration":124,"passed_time":0.1512759085,"remaining_time":1.05893136},
{"learn":[5.128536065],"iteration":125,"passed_time":0.1524991782,"remaining_time":1.05781176},
{"learn":[5.123300353],"iteration":126,"passed_time":0.157650494,"remaining_time":1.083691978},
{"learn":[5.116200518],"iteration":127,"passed_time":0.1614912283,"remaining_time":1.100158993},
{"learn":[5.108728704],"iteration":128,"passed_time":0.1634347582,"remaining_time":1.103501352},
{"learn":[5.104075866],"iteration":129,"passed_time":0.1646988246,"remaining_time":1.102215211},
{"learn":[5.100317606],"iteration":130,"passed_time":0.166079364,"remaining_time":1.101702041},
{"learn":[5.095814182],"iteration":131,"passed_time":0.1672319777,"remaining_time":1.099676944},
{"learn":[5.092146915],"iteration":132,"passed_time":0.1685445851,"remaining_time":1.098707934},
{"learn":[5.085258329],"iteration":133,"passed_time":0.1746705544,"remaining_time":1.128841046},
{"learn":[5.079219421],"iteration":134,"passed_time":0.1760461077,"remaining_time":1.127999135},
{"learn":[5.076476829],"iteration":135,"passed_time":0.1770330219,"remaining_time":1.124680374},
{"learn":[5.072133867],"iteration":136,"passed_time":0.1780163471,"remaining_time":1.121373048},
{"learn":[5.067031564],"iteration":137,"passed_time":0.1790680708,"remaining_time":1.118526645},
{"learn":[5.061358312],"iteration":138,"passed_time":0.1799514331,"remaining_time":1.114663193},
{"learn":[5.056759124],"iteration":139,"passed_time":0.1808771882,"remaining_time":1.111102727},
{"learn":[5.050254],"iteration":140,"passed_time":0.1822340944,"remaining_time":1.110206292},
{"learn":[5.048376474],"iteration":141,"passed_time":0.1829169249,"remaining_time":1.105230433},
{"learn":[5.042603751],"iteration":142,"passed_time":0.1839191805,"remaining_time":1.102228935},
{"learn":[5.037477349],"iteration":143,"passed_time":0.1912541857,"remaining_time":1.136899882},
{"learn":[5.03230489],"iteration":144,"passed_time":0.1926123489,"remaining_time":1.135748678},
{"learn":[5.025976187],"iteration":145,"passed_time":0.1936337901,"remaining_time":1.132625046},
{"learn":[5.01952451],"iteration":146,"passed_time":0.1949351282,"remaining_time":1.131154179},
{"learn":[5.017569424],"iteration":147,"passed_time":0.1960391823,"remaining_time":1.128549887},
{"learn":[5.008962367],"iteration":148,"passed_time":0.1971924435,"remaining_time":1.126246775},
{"learn":[5.003880266],"iteration":149,"passed_time":0.1982955401,"remaining_time":1.123674727},
{"learn":[4.996387564],"iteration":150,"passed_time":0.1994438699,"remaining_time":1.121376461},
{"learn":[4.993361683],"iteration":151,"passed_time":0.2041287174,"remaining_time":1.138823371},
{"learn":[4.99005752],"iteration":152,"passed_time":0.2051286376,"remaining_time":1.135581412},
{"learn":[4.986908764],"iteration":153,"passed_time":0.2060678879,"remaining_time":1.13203528},
{"learn":[4.985207175],"iteration":154,"passed_time":0.20712332,"remaining_time":1.129156164},
{"learn":[4.979003494],"iteration":155,"passed_time":0.2081473787,"remaining_time":1.12613069},
{"learn":[4.973142217],"iteration":156,"passed_time":0.2095007157,"remaining_time":1.124898747},
{"learn":[4.967056696],"iteration":157,"passed_time":0.2104572718,"remaining_time":1.121550777},
{"learn":[4.961460696],"iteration":158,"passed_time":0.2113785072,"remaining_time":1.118046066},
{"learn":[4.954240363],"iteration":159,"passed_time":0.2123230816,"remaining_time":1.114696179},
{"learn":[4.952320707],"iteration":160,"passed_time":0.2129098321,"remaining_time":1.109511485},
{"learn":[4.948337777],"iteration":161,"passed_time":0.2139371848,"remaining_time":1.106662722},
{"learn":[4.943228639],"iteration":162,"passed_time":0.2149794054,"remaining_time":1.103912652},
{"learn":[4.938545759],"iteration":163,"passed_time":0.2182881911,"remaining_time":1.112737364},
{"learn":[4.935330572],"iteration":164,"passed_time":0.2206398391,"remaining_time":1.116571307},
{"learn":[4.932051543],"iteration":165,"passed_time":0.2224885807,"remaining_time":1.117804074},
{"learn":[4.928964153],"iteration":166,"passed_time":0.2254441827,"remaining_time":1.124520983},
{"learn":[4.922860227],"iteration":167,"passed_time":0.2268280177,"remaining_time":1.123338755},
{"learn":[4.917668772],"iteration":168,"passed_time":0.2280640853,"remaining_time":1.121427544},
{"learn":[4.910365386],"iteration":169,"passed_time":0.2294534507,"remaining_time":1.12027273},
{"learn":[4.906457206],"iteration":170,"passed_time":0.2356603651,"remaining_time":1.142470425},
{"learn":[4.901996508],"iteration":171,"passed_time":0.2378430427,"remaining_time":1.144965345},
{"learn":[4.896816173],"iteration":172,"passed_time":0.2392629404,"remaining_time":1.143759837},
{"learn":[4.891123132],"iteration":173,"passed_time":0.2407121847,"remaining_time":1.142691176},
{"learn":[4.887630202],"iteration":174,"passed_time":0.2425190978,"remaining_time":1.143304318},
{"learn":[4.885259712],"iteration":175,"passed_time":0.244235265,"remaining_time":1.143465104},
{"learn":[4.880659728],"iteration":176,"passed_time":0.2506359779,"remaining_time":1.165386496},
{"learn":[4.877299723],"iteration":177,"passed_time":0.2518949085,"remaining_time":1.163245027},
{"learn":[4.874038772],"iteration":178,"passed_time":0.2537256949,"remaining_time":1.163736288},
{"learn":[4.86943698],"iteration":179,"passed_time":0.2557477555,"remaining_time":1.165073108},
{"learn":[4.861268711],"iteration":180,"passed_time":0.2575937284,"remaining_time":1.165576042},
{"learn":[4.858673056],"iteration":181,"passed_time":0.2597474375,"remaining_time":1.167436285},
{"learn":[4.854036207],"iteration":182,"passed_time":0.2643733977,"remaining_time":1.180289978},
{"learn":[4.85130244],"iteration":183,"passed_time":0.265544495,"remaining_time":1.177632108},
{"learn":[4.847510084],"iteration":184,"passed_time":0.2663688464,"remaining_time":1.173462756},
{"learn":[4.845691673],"iteration":185,"passed_time":0.2671696432,"remaining_time":1.169226288},
{"learn":[4.842058646],"iteration":186,"passed_time":0.2680783708,"remaining_time":1.165495805},
{"learn":[4.838623675],"iteration":187,"passed_time":0.2698809638,"remaining_time":1.165656078},
{"learn":[4.834602161],"iteration":188,"passed_time":0.271046422,"remaining_time":1.163061631},
{"learn":[4.830858976],"iteration":189,"passed_time":0.2717964946,"remaining_time":1.158711372},
{"learn":[4.827590511],"iteration":190,"passed_time":0.2725410888,"remaining_time":1.154375606},
{"learn":[4.822246226],"iteration":191,"passed_time":0.2732826388,"remaining_time":1.150064438},
{"learn":[4.816686395],"iteration":192,"passed_time":0.2740192535,"remaining_time":1.145769625},
{"learn":[4.814797121],"iteration":193,"passed_time":0.2747671167,"remaining_time":1.141558227},
{"learn":[4.811639392],"iteration":194,"passed_time":0.2767835208,"remaining_time":1.14261915},
{"learn":[4.804813432],"iteration":195,"passed_time":0.2792027077,"remaining_time":1.145300903},
{"learn":[4.80251613],"iteration":196,"passed_time":0.279973974,"remaining_time":1.141213711},
{"learn":[4.800087884],"iteration":197,"passed_time":0.2807052654,"remaining_time":1.136998095},
{"learn":[4.794773135],"iteration":198,"passed_time":0.2814394946,"remaining_time":1.132829322},
{"learn":[4.791664833],"iteration":199,"passed_time":0.2821690818,"remaining_time":1.128676327},
{"learn":[4.785989873],"iteration":200,"passed_time":0.2829251099,"remaining_time":1.124662502},
{"learn":[4.782387142],"iteration":201,"passed_time":0.2836694143,"remaining_time":1.120634617},
{"learn":[4.778623704],"iteration":202,"passed_time":0.2843987071,"remaining_time":1.116580146},
{"learn":[4.775772178],"iteration":203,"passed_time":0.2851235125,"remaining_time":1.112540765},
{"learn":[4.77023101],"iteration":204,"passed_time":0.2859086834,"remaining_time":1.108767821},
{"learn":[4.764496689],"iteration":205,"passed_time":0.286650948,"remaining_time":1.104858508},
{"learn":[4.763138716],"iteration":206,"passed_time":0.2873578691,"remaining_time":1.100844397},
{"learn":[4.758053283],"iteration":207,"passed_time":0.2881049487,"remaining_time":1.097014997},
{"learn":[4.755063788],"iteration":208,"passed_time":0.2888158477,"remaining_time":1.09307816},
{"learn":[4.752465267],"iteration":209,"passed_time":0.289533867,"remaining_time":1.089198833},
{"learn":[4.748067377],"iteration":210,"passed_time":0.2902922867,"remaining_time":1.085500541},
{"learn":[4.744163298],"iteration":211,"passed_time":0.2928764674,"remaining_time":1.088616303},
{"learn":[4.736670896],"iteration":212,"passed_time":0.2937679179,"remaining_time":1.085424185},
{"learn":[4.73349255],"iteration":213,"passed_time":0.2944976605,"remaining_time":1.081659632},
{"learn":[4.731864595],"iteration":214,"passed_time":0.2952380079,"remaining_time":1.077962029},
{"learn":[4.728398311],"iteration":215,"passed_time":0.2959746122,"remaining_time":1.074278222},
{"learn":[4.723865975],"iteration":216,"passed_time":0.2967052587,"remaining_time":1.070600081},
{"learn":[4.723483365],"iteration":217,"passed_time":0.2974078737,"remaining_time":1.066848428},
{"learn":[4.72095416],"iteration":218,"passed_time":0.2981241785,"remaining_time":1.06317344},
{"learn":[4.716173382],"iteration":219,"passed_time":0.2988422872,"remaining_time":1.059531746},
{"learn":[4.710563974],"iteration":220,"passed_time":0.2995783053,"remaining_time":1.055979637},
{"learn":[4.707160263],"iteration":221,"passed_time":0.3003145272,"remaining_time":1.052453613},
{"learn":[4.70408351],"iteration":222,"passed_time":0.3010356964,"remaining_time":1.048900162},
{"learn":[4.702501831],"iteration":223,"passed_time":0.3017578916,"remaining_time":1.045375553},
{"learn":[4.700269738],"iteration":224,"passed_time":0.3024677025,"remaining_time":1.041833197},
{"learn":[4.695346302],"iteration":225,"passed_time":0.3032019282,"remaining_time":1.038399524},
{"learn":[4.689769299],"iteration":226,"passed_time":0.3039477173,"remaining_time":1.035029011},
{"learn":[4.687919514],"iteration":227,"passed_time":0.304700456,"remaining_time":1.031705053},
{"learn":[4.682982074],"iteration":228,"passed_time":0.3054528524,"remaining_time":1.028402398},
{"learn":[4.679578702],"iteration":229,"passed_time":0.3078600901,"remaining_time":1.030662041},
{"learn":[4.675751423],"iteration":230,"passed_time":0.3086289524,"remaining_time":1.027427118},
{"learn":[4.672710726],"iteration":231,"passed_time":0.3093747137,"remaining_time":1.024136983},
{"learn":[4.6690533],"iteration":232,"passed_time":0.310109597,"remaining_time":1.020832879},
{"learn":[4.667595702],"iteration":233,"passed_time":0.3108323558,"remaining_time":1.017511045},
{"learn":[4.664241291],"iteration":234,"passed_time":0.3115507235,"remaining_time":1.014197036},
{"learn":[4.662246999],"iteration":235,"passed_time":0.3122857348,"remaining_time":1.010958904},
{"learn":[4.658668443],"iteration":236,"passed_time":0.3130496471,"remaining_time":1.00783494},
{"learn":[4.658017572],"iteration":237,"passed_time":0.3137536971,"remaining_time":1.004539148},
{"learn":[4.657656705],"iteration":238,"passed_time":0.3144395626,"remaining_time":1.001207143},
{"learn":[4.653242871],"iteration":239,"passed_time":0.3151697234,"remaining_time":0.9980374574},
{"learn":[4.6507302],"iteration":240,"passed_time":0.315918206,"remaining_time":0.9949457193},
{"learn":[4.647671336],"iteration":241,"passed_time":0.3166580951,"remaining_time":0.99184643},
{"learn":[4.645506007],"iteration":242,"passed_time":0.3173706568,"remaining_time":0.9886814289},
{"learn":[4.641297906],"iteration":243,"passed_time":0.3180972431,"remaining_time":0.9855799826},
{"learn":[4.63798107],"iteration":244,"passed_time":0.3188186423,"remaining_time":0.9824819386},
{"learn":[4.635062318],"iteration":245,"passed_time":0.3195310334,"remaining_time":0.9793756063},
{"learn":[4.631606017],"iteration":246,"passed_time":0.3202811899,"remaining_time":0.9764037896},
{"learn":[4.630215494],"iteration":247,"passed_time":0.3223684945,"remaining_time":0.9775044671},
{"learn":[4.62729814],"iteration":248,"passed_time":0.3231819739,"remaining_time":0.9747376001},
{"learn":[4.624691756],"iteration":249,"passed_time":0.3239088685,"remaining_time":0.9717266055},
{"learn":[4.621840053],"iteration":250,"passed_time":0.324638356,"remaining_time":0.9687415483},
{"learn":[4.619602091],"iteration":251,"passed_time":0.3253611251,"remaining_time":0.9657544507},
{"learn":[4.613584029],"iteration":252,"passed_time":0.3260800826,"remaining_time":0.9627739988},
{"learn":[4.6119388],"iteration":253,"passed_time":0.3267992702,"remaining_time":0.9598120297},
{"learn":[4.60870702],"iteration":254,"passed_time":0.3275139442,"remaining_time":0.9568544644},
{"learn":[4.604771557],"iteration":255,"passed_time":0.3282179367,"remaining_time":0.9538833787},
{"learn":[4.604231277],"iteration":256,"passed_time":0.3289429573,"remaining_time":0.9509907286},
{"learn":[4.600750354],"iteration":257,"passed_time":0.3296781694,"remaining_time":0.9481441925},
{"learn":[4.596488253],"iteration":258,"passed_time":0.3304402011,"remaining_time":0.9453906913},
{"learn":[4.59470784],"iteration":259,"passed_time":0.3312240834,"remaining_time":0.942714699},
{"learn":[4.588818005],"iteration":260,"passed_time":0.3319786167,"remaining_time":0.9399701064},
{"learn":[4.585054174],"iteration":261,"passed_time":0.3327151251,"remaining_time":0.9371899325},
{"learn":[4.581471435],"iteration":262,"passed_time":0.3334492706,"remaining_time":0.9344186786},
{"learn":[4.577555199],"iteration":263,"passed_time":0.3341855385,"remaining_time":0.9316687739},
{"learn":[4.57457145],"iteration":264,"passed_time":0.334931503,"remaining_time":0.928960961},
{"learn":[4.573029224],"iteration":265,"passed_time":0.3356599254,"remaining_time":0.9262194935},
{"learn":[4.571326203],"iteration":266,"passed_time":0.3374987923,"remaining_time":0.9265416282},
{"learn":[4.571019224],"iteration":267,"passed_time":0.3382478442,"remaining_time":0.9238709773},
{"learn":[4.565766631],"iteration":268,"passed_time":0.3389796612,"remaining_time":0.9211677783},
{"learn":[4.563383471],"iteration":269,"passed_time":0.3397153887,"remaining_time":0.9184897546},
{"learn":[4.558165805],"iteration":270,"passed_time":0.3404525226,"remaining_time":0.9158298486},
{"learn":[4.55629209],"iteration":271,"passed_time":0.3412147251,"remaining_time":0.9132511761},
{"learn":[4.549383848],"iteration":272,"passed_time":0.3419522838,"remaining_time":0.9106201844},
{"learn":[4.546227503],"iteration":273,"passed_time":0.3426753898,"remaining_time":0.907964719},
{"learn":[4.540620977],"iteration":274,"passed_time":0.343421993,"remaining_time":0.9053852543},
{"learn":[4.532898237],"iteration":275,"passed_time":0.3441670386,"remaining_time":0.9028149852},
{"learn":[4.529757367],"iteration":276,"passed_time":0.3449089058,"remaining_time":0.9002495988},
{"learn":[4.52579294],"iteration":277,"passed_time":0.3456384368,"remaining_time":0.8976652926},
{"learn":[4.521572155],"iteration":278,"passed_time":0.3463781289,"remaining_time":0.895120541},
{"learn":[4.518818099],"iteration":279,"passed_time":0.3471150084,"remaining_time":0.8925814502},
{"learn":[4.514012334],"iteration":280,"passed_time":0.3478515283,"remaining_time":0.8900542665},
{"learn":[4.508331416],"iteration":281,"passed_time":0.348581772,"remaining_time":0.8875238026},
{"learn":[4.506038537],"iteration":282,"passed_time":0.3492923538,"remaining_time":0.8849562462},
{"learn":[4.505805643],"iteration":283,"passed_time":0.3500165356,"remaining_time":0.8824360545},
{"learn":[4.501550352],"iteration":284,"passed_time":0.350815488,"remaining_time":0.8801160489},
{"learn":[4.494692643],"iteration":285,"passed_time":0.3527747803,"remaining_time":0.8807034726},
{"learn":[4.489330245],"iteration":286,"passed_time":0.3536859213,"remaining_time":0.8786692051},
{"learn":[4.484826955],"iteration":287,"passed_time":0.3546626816,"remaining_time":0.8768049629},
{"learn":[4.478285428],"iteration":288,"passed_time":0.3554715242,"remaining_time":0.8745337498},
{"learn":[4.475311671],"iteration":289,"passed_time":0.3562270897,"remaining_time":0.8721421852},
{"learn":[4.471581298],"iteration":290,"passed_time":0.3569594383,"remaining_time":0.8697052982},
{"learn":[4.469164956],"iteration":291,"passed_time":0.3576923709,"remaining_time":0.8672815021},
{"learn":[4.462068024],"iteration":292,"passed_time":0.3584981951,"remaining_time":0.8650451328},
{"learn":[4.458540976],"iteration":293,"passed_time":0.3592482707,"remaining_time":0.8626846229},
{"learn":[4.455757458],"iteration":294,"passed_time":0.3599844938,"remaining_time":0.8603019259},
{"learn":[4.453027414],"iteration":295,"passed_time":0.3607305462,"remaining_time":0.8579537315},
{"learn":[4.450659338],"iteration":296,"passed_time":0.3614673444,"remaining_time":0.8555944212},
{"learn":[4.444696901],"iteration":297,"passed_time":0.3622200603,"remaining_time":0.8532834978},
{"learn":[4.442052813],"iteration":298,"passed_time":0.3630306783,"remaining_time":0.8511187474},
{"learn":[4.440036756],"iteration":299,"passed_time":0.363924668,"remaining_time":0.8491575588},
{"learn":[4.435017051],"iteration":300,"passed_time":0.3646772795,"remaining_time":0.8468751441},
{"learn":[4.429962125],"iteration":301,"passed_time":0.3654557845,"remaining_time":0.8446627071},
{"learn":[4.427666256],"iteration":302,"passed_time":0.3668894664,"remaining_time":0.8439668585},
{"learn":[4.425030004],"iteration":303,"passed_time":0.3680352034,"remaining_time":0.8426069129},
{"learn":[4.422588771],"iteration":304,"passed_time":0.3689443026,"remaining_time":0.8407091485},
{"learn":[4.418936667],"iteration":305,"passed_time":0.3698331278,"remaining_time":0.838771865},
{"learn":[4.416887976],"iteration":306,"passed_time":0.3707027933,"remaining_time":0.836798162},
{"learn":[4.413773354],"iteration":307,"passed_time":0.3715649264,"remaining_time":0.8348147047},
{"learn":[4.411129391],"iteration":308,"passed_time":0.3724433037,"remaining_time":0.8328748312},
{"learn":[4.40850819],"iteration":309,"passed_time":0.3732948104,"remaining_time":0.8308819975},
{"learn":[4.404880292],"iteration":310,"passed_time":0.3742061838,"remaining_time":0.8290291339},
{"learn":[4.404593827],"iteration":311,"passed_time":0.3750260197,"remaining_time":0.8269804537},
{"learn":[4.402139942],"iteration":312,"passed_time":0.3761006126,"remaining_time":0.8254987887},
{"learn":[4.400284725],"iteration":313,"passed_time":0.3768617879,"remaining_time":0.8233349889},
{"learn":[4.395805521],"iteration":314,"passed_time":0.3776086752,"remaining_time":0.8211490238},
{"learn":[4.392838833],"iteration":315,"passed_time":0.3783565198,"remaining_time":0.8189742392},
{"learn":[4.389213061],"iteration":316,"passed_time":0.3790853177,"remaining_time":0.8167674196},
{"learn":[4.3861981],"iteration":317,"passed_time":0.3802057143,"remaining_time":0.8154097395},
{"learn":[4.385054234],"iteration":318,"passed_time":0.3811222126,"remaining_time":0.8136182657},
{"learn":[4.379364607],"iteration":319,"passed_time":0.382989634,"remaining_time":0.8138529722},
{"learn":[4.378387619],"iteration":320,"passed_time":0.3840168965,"remaining_time":0.8122974228},
{"learn":[4.375816727],"iteration":321,"passed_time":0.3849104388,"remaining_time":0.8104635947},
{"learn":[4.374600202],"iteration":322,"passed_time":0.385763808,"remaining_time":0.8085513871},
{"learn":[4.37098897],"iteration":323,"passed_time":0.3868619733,"remaining_time":0.8071564627},
{"learn":[4.367418484],"iteration":324,"passed_time":0.3876604747,"remaining_time":0.805140986},
{"learn":[4.363584638],"iteration":325,"passed_time":0.3884009597,"remaining_time":0.8030130271},
{"learn":[4.360770706],"iteration":326,"passed_time":0.3891635392,"remaining_time":0.8009390271},
{"learn":[4.358675808],"iteration":327,"passed_time":0.3899163029,"remaining_time":0.7988529133},
{"learn":[4.354228195],"iteration":328,"passed_time":0.3906631913,"remaining_time":0.7967629221},
{"learn":[4.353773425],"iteration":329,"passed_time":0.3913747074,"remaining_time":0.7946092544},
{"learn":[4.351648009],"iteration":330,"passed_time":0.3922595293,"remaining_time":0.7928145774},
{"learn":[4.348209927],"iteration":331,"passed_time":0.3932081595,"remaining_time":0.7911537667},
{"learn":[4.345852733],"iteration":332,"passed_time":0.3939415696,"remaining_time":0.789066147},
{"learn":[4.34237339],"iteration":333,"passed_time":0.3948351292,"remaining_time":0.7873059763},
{"learn":[4.340814362],"iteration":334,"passed_time":0.3956100264,"remaining_time":0.7853154256},
{"learn":[4.339707068],"iteration":335,"passed_time":0.3974284643,"remaining_time":0.785394346},
{"learn":[4.335430786],"iteration":336,"passed_time":0.398418704,"remaining_time":0.7838326432},
{"learn":[4.33521887],"iteration":337,"passed_time":0.3991181583,"remaining_time":0.7817047953},
{"learn":[4.328507238],"iteration":338,"passed_time":0.3998714,"remaining_time":0.7796902519},
{"learn":[4.326140732],"iteration":339,"passed_time":0.4005924844,"remaining_time":0.777620705},
{"learn":[4.323785636],"iteration":340,"passed_time":0.4013185919,"remaining_time":0.7755687743},
{"learn":[4.320632534],"iteration":341,"passed_time":0.4020397094,"remaining_time":0.7735149964},
{"learn":[4.31973724],"iteration":342,"passed_time":0.4027369848,"remaining_time":0.7714233207},
{"learn":[4.318000924],"iteration":343,"passed_time":0.4034701501,"remaining_time":0.7694081933},
{"learn":[4.312713628],"iteration":344,"passed_time":0.404237991,"remaining_time":0.7674663307},
{"learn":[4.308220789],"iteration":345,"passed_time":0.4049800108,"remaining_time":0.7654824481},
{"learn":[4.305890947],"iteration":346,"passed_time":0.4057060874,"remaining_time":0.7634757207},
{"learn":[4.305137856],"iteration":347,"passed_time":0.4064161446,"remaining_time":0.7614463399},
{"learn":[4.304787172],"iteration":348,"passed_time":0.4071174676,"remaining_time":0.7594082274},
{"learn":[4.30350134],"iteration":349,"passed_time":0.4079697884,"remaining_time":0.7576581784},
{"learn":[4.30293809],"iteration":350,"passed_time":0.408840831,"remaining_time":0.7559478614},
{"learn":[4.299548459],"iteration":351,"passed_time":0.4096105205,"remaining_time":0.7540557308},
{"learn":[4.294768408],"iteration":352,"passed_time":0.41038668,"remaining_time":0.7521818185},
{"learn":[4.294581479],"iteration":353,"passed_time":0.4121619815,"remaining_time":0.7521374012},
{"learn":[4.292551604],"iteration":354,"passed_time":0.4130724421,"remaining_time":0.7505119018},
{"learn":[4.288628894],"iteration":355,"passed_time":0.4138317021,"remaining_time":0.7486168993},
{"learn":[4.287802767],"iteration":356,"passed_time":0.4145720025,"remaining_time":0.7466941109},
{"learn":[4.284566905],"iteration":357,"passed_time":0.4153137814,"remaining_time":0.7447805801},
{"learn":[4.27890232],"iteration":358,"passed_time":0.4160549236,"remaining_time":0.7428724401},
{"learn":[4.276938023],"iteration":359,"passed_time":0.4167804425,"remaining_time":0.7409430089},
{"learn":[4.273425094],"iteration":360,"passed_time":0.4175041564,"remaining_time":0.7390170524},
{"learn":[4.269726505],"iteration":361,"passed_time":0.4182450114,"remaining_time":0.7371279482},
{"learn":[4.265565857],"iteration":362,"passed_time":0.4189941639,"remaining_time":0.7352597311},
{"learn":[4.262117173],"iteration":363,"passed_time":0.4197278411,"remaining_time":0.7333706235},
{"learn":[4.259185148],"iteration":364,"passed_time":0.4204974161,"remaining_time":0.7315502992},
{"learn":[4.257668507],"iteration":365,"passed_time":0.4212166194,"remaining_time":0.729648461},
{"learn":[4.253432436],"iteration":366,"passed_time":0.4220139376,"remaining_time":0.7278877997},
{"learn":[4.250216667],"iteration":367,"passed_time":0.4227746099,"remaining_time":0.7260694387},
{"learn":[4.24514828],"iteration":368,"passed_time":0.4235176099,"remaining_time":0.7242265904},
{"learn":[4.244015772],"iteration":369,"passed_time":0.424240719,"remaining_time":0.7223558189},
{"learn":[4.240329192],"iteration":370,"passed_time":0.4250263254,"remaining_time":0.7205971932},
{"learn":[4.236718014],"iteration":371,"passed_time":0.4257826433,"remaining_time":0.7187943549},
{"learn":[4.233495944],"iteration":372,"passed_time":0.4274831915,"remaining_time":0.7185843461},
{"learn":[4.230357491],"iteration":373,"passed_time":0.4282703054,"remaining_time":0.716837463},
{"learn":[4.227381215],"iteration":374,"passed_time":0.429000134,"remaining_time":0.7150002233},
{"learn":[4.226169067],"iteration":375,"passed_time":0.4297138089,"remaining_time":0.7131420658},
{"learn":[4.225963861],"iteration":376,"passed_time":0.4304387288,"remaining_time":0.7113085625},
{"learn":[4.224346548],"iteration":377,"passed_time":0.4311693079,"remaining_time":0.7094902368},
{"learn":[4.222595381],"iteration":378,"passed_time":0.4319330449,"remaining_time":0.7077319811},
{"learn":[4.219700938],"iteration":379,"passed_time":0.432661687,"remaining_time":0.7059216999},
{"learn":[4.216356207],"iteration":380,"passed_time":0.4334020745,"remaining_time":0.7041361788},
{"learn":[4.214326494],"iteration":381,"passed_time":0.4341252753,"remaining_time":0.702328325},
{"learn":[4.212901398],"iteration":382,"passed_time":0.4348564603,"remaining_time":0.7005389974},
{"learn":[4.211331091],"iteration":383,"passed_time":0.4356539176,"remaining_time":0.6988614928},
{"learn":[4.208624791],"iteration":384,"passed_time":0.4364503415,"remaining_time":0.6971869091},
{"learn":[4.204659106],"iteration":385,"passed_time":0.4372171952,"remaining_time":0.695469839},
{"learn":[4.202968852],"iteration":386,"passed_time":0.437927124,"remaining_time":0.6936675116},
{"learn":[4.197261935],"iteration":387,"passed_time":0.4386703094,"remaining_time":0.6919232715},
{"learn":[4.196934403],"iteration":388,"passed_time":0.4393598593,"remaining_time":0.6900999333},
{"learn":[4.192479929],"iteration":389,"passed_time":0.4401324049,"remaining_time":0.688412223},
{"learn":[4.190243116],"iteration":390,"passed_time":0.440978246,"remaining_time":0.686843355},
{"learn":[4.185852431],"iteration":391,"passed_time":0.4423637542,"remaining_time":0.6861152106},
{"learn":[4.180967944],"iteration":392,"passed_time":0.443127243,"remaining_time":0.6844229936},
{"learn":[4.178283162],"iteration":393,"passed_time":0.4438669821,"remaining_time":0.6826989624},
{"learn":[4.176341157],"iteration":394,"passed_time":0.4447602731,"remaining_time":0.6812151018},
{"learn":[4.176041504],"iteration":395,"passed_time":0.4454616408,"remaining_time":0.6794414925},
{"learn":[4.175564513],"iteration":396,"passed_time":0.4461796774,"remaining_time":0.6776986032},
{"learn":[4.170830274],"iteration":397,"passed_time":0.4469100298,"remaining_time":0.6759794923},
{"learn":[4.167804808],"iteration":398,"passed_time":0.4476708305,"remaining_time":0.6743112008},
{"learn":[4.165860548],"iteration":399,"passed_time":0.4485022867,"remaining_time":0.6727534301},
{"learn":[4.160950571],"iteration":400,"passed_time":0.4492569611,"remaining_time":0.6710845878},
{"learn":[4.158544115],"iteration":401,"passed_time":0.4499979033,"remaining_time":0.669399866},
{"learn":[4.154448767],"iteration":402,"passed_time":0.4507327426,"remaining_time":0.6677107875},
{"learn":[4.15197457],"iteration":403,"passed_time":0.4514650153,"remaining_time":0.6660226463},
{"learn":[4.149562679],"iteration":404,"passed_time":0.4522252902,"remaining_time":0.6643803646},
{"learn":[4.149327961],"iteration":405,"passed_time":0.4529264297,"remaining_time":0.6626559095},
{"learn":[4.147444889],"iteration":406,"passed_time":0.4536392528,"remaining_time":0.6609535059},
{"learn":[4.147254809],"iteration":407,"passed_time":0.4543052331,"remaining_time":0.6591879853},
{"learn":[4.144589165],"iteration":408,"passed_time":0.455060047,"remaining_time":0.6575562049},
{"learn":[4.141691034],"iteration":409,"passed_time":0.4568642924,"remaining_time":0.6574388598},
{"learn":[4.138893468],"iteration":410,"passed_time":0.4576630463,"remaining_time":0.6558723462},
{"learn":[4.136964597],"iteration":411,"passed_time":0.4583971518,"remaining_time":0.6542172943},
{"learn":[4.133773523],"iteration":412,"passed_time":0.4591243463,"remaining_time":0.6525568795},
{"learn":[4.131363444],"iteration":413,"passed_time":0.4598449311,"remaining_time":0.6508916174},
{"learn":[4.130228592],"iteration":414,"passed_time":0.4605689826,"remaining_time":0.6492357947},
{"learn":[4.12884186],"iteration":415,"passed_time":0.4612663941,"remaining_time":0.6475470532},
{"learn":[4.12413494],"iteration":416,"passed_time":0.4620101307,"remaining_time":0.6459278325},
{"learn":[4.119422508],"iteration":417,"passed_time":0.4628112558,"remaining_time":0.6443927055},
{"learn":[4.117038244],"iteration":418,"passed_time":0.4636625965,"remaining_time":0.6429307125},
{"learn":[4.116067631],"iteration":419,"passed_time":0.4644647928,"remaining_time":0.6414037615},
{"learn":[4.110343455],"iteration":420,"passed_time":0.4653492128,"remaining_time":0.6399933354},
{"learn":[4.105604544],"iteration":421,"passed_time":0.4662354069,"remaining_time":0.6385878322},
{"learn":[4.103390131],"iteration":422,"passed_time":0.4671223901,"remaining_time":0.6371858607},
{"learn":[4.096724402],"iteration":423,"passed_time":0.4680443778,"remaining_time":0.6358338718},
{"learn":[4.093431279],"iteration":424,"passed_time":0.4689270606,"remaining_time":0.634430729},
{"learn":[4.091412744],"iteration":425,"passed_time":0.4697863703,"remaining_time":0.6329985365},
{"learn":[4.091192901],"iteration":426,"passed_time":0.4716521913,"remaining_time":0.6329196853},
{"learn":[4.088994581],"iteration":427,"passed_time":0.4726193359,"remaining_time":0.631631449},
{"learn":[4.087845355],"iteration":428,"passed_time":0.4734819879,"remaining_time":0.6302056295},
{"learn":[4.083650279],"iteration":429,"passed_time":0.4743217412,"remaining_time":0.6287520756},
{"learn":[4.079840652],"iteration":430,"passed_time":0.4751901382,"remaining_time":0.6273391848},
{"learn":[4.075707828],"iteration":431,"passed_time":0.4761505368,"remaining_time":0.6260497798},
{"learn":[4.071345409],"iteration":432,"passed_time":0.4770317232,"remaining_time":0.6246581687},
{"learn":[4.067460475],"iteration":433,"passed_time":0.4779319587,"remaining_time":0.6232937527},
{"learn":[4.064914749],"iteration":434,"passed_time":0.4787296469,"remaining_time":0.621798277},
{"learn":[4.063823175],"iteration":435,"passed_time":0.4794554726,"remaining_time":0.6202130426},
{"learn":[4.058898471],"iteration":436,"passed_time":0.4801878475,"remaining_time":0.6186401788},
{"learn":[4.054120355],"iteration":437,"passed_time":0.4809398361,"remaining_time":0.6170963194},
{"learn":[4.052715901],"iteration":438,"passed_time":0.4816604255,"remaining_time":0.6155159424},
{"learn":[4.052114167],"iteration":439,"passed_time":0.4823528802,"remaining_time":0.6139036657},
{"learn":[4.051377267],"iteration":440,"passed_time":0.4830639819,"remaining_time":0.612319197},
{"learn":[4.049275336],"iteration":441,"passed_time":0.4838282619,"remaining_time":0.6108058148},
{"learn":[4.047099198],"iteration":442,"passed_time":0.4845678111,"remaining_time":0.6092647196},
{"learn":[4.044348685],"iteration":443,"passed_time":0.4855776025,"remaining_time":0.6080656464},
{"learn":[4.042822379],"iteration":444,"passed_time":0.4869887421,"remaining_time":0.6073679817},
{"learn":[4.041258611],"iteration":445,"passed_time":0.4877683498,"remaining_time":0.6058826587},
{"learn":[4.040044254],"iteration":446,"passed_time":0.4885113876,"remaining_time":0.6043552513},
{"learn":[4.036860137],"iteration":447,"passed_time":0.4892520318,"remaining_time":0.6028283963},
{"learn":[4.036372284],"iteration":448,"passed_time":0.489960492,"remaining_time":0.6012655481},
{"learn":[4.03368231],"iteration":449,"passed_time":0.490767715,"remaining_time":0.5998272072},
{"learn":[4.032439519],"iteration":450,"passed_time":0.4916081795,"remaining_time":0.5984321298},
{"learn":[4.032008634],"iteration":451,"passed_time":0.4923213796,"remaining_time":0.5968852124},
{"learn":[4.030034932],"iteration":452,"passed_time":0.4930480413,"remaining_time":0.5953582309},
{"learn":[4.028173412],"iteration":453,"passed_time":0.4937800396,"remaining_time":0.593841193},
{"learn":[4.023806097],"iteration":454,"passed_time":0.4945523701,"remaining_time":0.5923759158},
{"learn":[4.020239186],"iteration":455,"passed_time":0.4952903832,"remaining_time":0.5908727378},
{"learn":[4.017384838],"iteration":456,"passed_time":0.4960088091,"remaining_time":0.5893496353},
{"learn":[4.016468229],"iteration":457,"passed_time":0.4967240235,"remaining_time":0.5878262462},
{"learn":[4.014530169],"iteration":458,"passed_time":0.4974620779,"remaining_time":0.5863332988},
{"learn":[4.012884822],"iteration":459,"passed_time":0.4982163032,"remaining_time":0.5848626169},
{"learn":[4.008924707],"iteration":460,"passed_time":0.4989463454,"remaining_time":0.5833667682},
{"learn":[4.008286778],"iteration":461,"passed_time":0.4996736624,"remaining_time":0.5818710614},
{"learn":[4.006444202],"iteration":462,"passed_time":0.500690499,"remaining_time":0.5807144665},
{"learn":[4.003284363],"iteration":463,"passed_time":0.5021118059,"remaining_time":0.5800257068},
{"learn":[3.999811484],"iteration":464,"passed_time":0.5029160069,"remaining_time":0.5786237929},
{"learn":[3.997483319],"iteration":465,"passed_time":0.5036635425,"remaining_time":0.57715951},
{"learn":[3.99708333],"iteration":466,"passed_time":0.5043939874,"remaining_time":0.5756787907},
{"learn":[3.995860263],"iteration":467,"passed_time":0.5051337003,"remaining_time":0.5742118132},
{"learn":[3.994131111],"iteration":468,"passed_time":0.5059002229,"remaining_time":0.5727782908},
{"learn":[3.993125499],"iteration":469,"passed_time":0.5066245863,"remaining_time":0.5713000654},
{"learn":[3.992954084],"iteration":470,"passed_time":0.5073234728,"remaining_time":0.569796427},
{"learn":[3.990635743],"iteration":471,"passed_time":0.508068422,"remaining_time":0.5683477263},
{"learn":[3.986678254],"iteration":472,"passed_time":0.5088143507,"remaining_time":0.5669030926},
{"learn":[3.986393291],"iteration":473,"passed_time":0.5095340008,"remaining_time":0.5654322456},
{"learn":[3.986152671],"iteration":474,"passed_time":0.5102685757,"remaining_time":0.5639810574},
{"learn":[3.985596662],"iteration":475,"passed_time":0.5109768174,"remaining_time":0.5625038915},
{"learn":[3.983853457],"iteration":476,"passed_time":0.5117202264,"remaining_time":0.5610685082},
{"learn":[3.983263928],"iteration":477,"passed_time":0.5124405661,"remaining_time":0.5596108274},
{"learn":[3.980067202],"iteration":478,"passed_time":0.5131776896,"remaining_time":0.5581744808},
{"learn":[3.978115407],"iteration":479,"passed_time":0.5139126115,"remaining_time":0.5567386624},
{"learn":[3.972661644],"iteration":480,"passed_time":0.5146504612,"remaining_time":0.5553089175},
{"learn":[3.969938254],"iteration":481,"passed_time":0.5155234569,"remaining_time":0.5540272835},
{"learn":[3.968211434],"iteration":482,"passed_time":0.5170685453,"remaining_time":0.5534667452},
{"learn":[3.966113368],"iteration":483,"passed_time":0.5178428157,"remaining_time":0.5520803573},
{"learn":[3.962246044],"iteration":484,"passed_time":0.5185847092,"remaining_time":0.5506621138},
{"learn":[3.961319703],"iteration":485,"passed_time":0.5193714653,"remaining_time":0.5492941012},
{"learn":[3.96078191],"iteration":486,"passed_time":0.5200924637,"remaining_time":0.5478592072},
{"learn":[3.958913633],"iteration":487,"passed_time":0.5208629641,"remaining_time":0.5464791755},
{"learn":[3.957428286],"iteration":488,"passed_time":0.5216185902,"remaining_time":0.5450860932},
{"learn":[3.952641965],"iteration":489,"passed_time":0.5223543885,"remaining_time":0.5436749758},
{"learn":[3.951486786],"iteration":490,"passed_time":0.5230757408,"remaining_time":0.5422516335},
{"learn":[3.94938344],"iteration":491,"passed_time":0.5237992026,"remaining_time":0.540833323},
{"learn":[3.947297924],"iteration":492,"passed_time":0.5245248818,"remaining_time":0.5394201117},
{"learn":[3.946284886],"iteration":493,"passed_time":0.525248889,"remaining_time":0.5380079713},
{"learn":[3.943288204],"iteration":494,"passed_time":0.5259764947,"remaining_time":0.5366022825},
{"learn":[3.943076488],"iteration":495,"passed_time":0.5266573208,"remaining_time":0.5351517938},
{"learn":[3.942347078],"iteration":496,"passed_time":0.5273628664,"remaining_time":0.5337294201},
{"learn":[3.940251541],"iteration":497,"passed_time":0.5280884631,"remaining_time":0.5323301375},
{"learn":[3.939011019],"iteration":498,"passed_time":0.528791654,"remaining_time":0.5309110594},
{"learn":[3.938760512],"iteration":499,"passed_time":0.5294927329,"remaining_time":0.5294927329},
{"learn":[3.934522727],"iteration":500,"passed_time":0.5302410174,"remaining_time":0.5281242868},
{"learn":[3.930091193],"iteration":501,"passed_time":0.5321068346,"remaining_time":0.5278669395},
{"learn":[3.927671752],"iteration":502,"passed_time":0.5328877971,"remaining_time":0.5265312826},
{"learn":[3.927280041],"iteration":503,"passed_time":0.5337975458,"remaining_time":0.5253245689},
{"learn":[3.925987561],"iteration":504,"passed_time":0.5345915349,"remaining_time":0.5240055639},
{"learn":[3.921645957],"iteration":505,"passed_time":0.5353425876,"remaining_time":0.522646716},
{"learn":[3.920333743],"iteration":506,"passed_time":0.5361071159,"remaining_time":0.5213033691},
{"learn":[3.918659461],"iteration":507,"passed_time":0.5371825792,"remaining_time":0.5202634429},
{"learn":[3.916124385],"iteration":508,"passed_time":0.5379626568,"remaining_time":0.5189384371},
{"learn":[3.913849268],"iteration":509,"passed_time":0.5387276931,"remaining_time":0.5176011169},
{"learn":[3.912826119],"iteration":510,"passed_time":0.5394648898,"remaining_time":0.5162393956},
{"learn":[3.910034145],"iteration":511,"passed_time":0.54020101,"remaining_time":0.5148790877},
{"learn":[3.90792379],"iteration":512,"passed_time":0.5409954605,"remaining_time":0.5135765872},
{"learn":[3.907823851],"iteration":513,"passed_time":0.5417047321,"remaining_time":0.5121955249},
{"learn":[3.904527401],"iteration":514,"passed_time":0.5424573162,"remaining_time":0.5108578609},
{"learn":[3.903378283],"iteration":515,"passed_time":0.5431886361,"remaining_time":0.5095025191},
{"learn":[3.902170135],"iteration":516,"passed_time":0.5439045285,"remaining_time":0.5081351784},
{"learn":[3.899435429],"iteration":517,"passed_time":0.5446441003,"remaining_time":0.5067923868},
{"learn":[3.897497505],"iteration":518,"passed_time":0.545429455,"remaining_time":0.5054943504},
{"learn":[3.896426119],"iteration":519,"passed_time":0.5473123679,"remaining_time":0.5052114165},
{"learn":[3.896044669],"iteration":520,"passed_time":0.5480921008,"remaining_time":0.5039080927},
{"learn":[3.892795942],"iteration":521,"passed_time":0.5488619313,"remaining_time":0.5025977072},
{"learn":[3.892413888],"iteration":522,"passed_time":0.5495643,"remaining_time":0.5012278606},
{"learn":[3.891738985],"iteration":523,"passed_time":0.5502686811,"remaining_time":0.4998623897},
{"learn":[3.88822057],"iteration":524,"passed_time":0.5510159279,"remaining_time":0.4985382205},
{"learn":[3.883837053],"iteration":525,"passed_time":0.5517557523,"remaining_time":0.4972095562},
{"learn":[3.881769742],"iteration":526,"passed_time":0.55248198,"remaining_time":0.4958709232},
{"learn":[3.880356898],"iteration":527,"passed_time":0.5532175193,"remaining_time":0.494542934},
{"learn":[3.879250273],"iteration":528,"passed_time":0.5539584599,"remaining_time":0.4932219936},
{"learn":[3.877174493],"iteration":529,"passed_time":0.5546900195,"remaining_time":0.491894923},
{"learn":[3.875854201],"iteration":530,"passed_time":0.555418846,"remaining_time":0.4905676813},
{"learn":[3.873189396],"iteration":531,"passed_time":0.5561522137,"remaining_time":0.4892466842},
{"learn":[3.871583368],"iteration":532,"passed_time":0.5568983944,"remaining_time":0.4879391185},
{"learn":[3.869622679],"iteration":533,"passed_time":0.557624976,"remaining_time":0.4866165521},
{"learn":[3.866860164],"iteration":534,"passed_time":0.5583462916,"remaining_time":0.4852916366},
{"learn":[3.864498444],"iteration":535,"passed_time":0.5590632163,"remaining_time":0.4839651723},
{"learn":[3.861416322],"iteration":536,"passed_time":0.5598110667,"remaining_time":0.4826676422},
{"learn":[3.860265769],"iteration":537,"passed_time":0.5605050974,"remaining_time":0.4813259387},
{"learn":[3.859328725],"iteration":538,"passed_time":0.5622108129,"remaining_time":0.4808519198},
{"learn":[3.858521278],"iteration":539,"passed_time":0.5629887158,"remaining_time":0.4795829801},
{"learn":[3.85599111],"iteration":540,"passed_time":0.5637226436,"remaining_time":0.478278546},
{"learn":[3.852379816],"iteration":541,"passed_time":0.5644793543,"remaining_time":0.4769954691},
{"learn":[3.851327537],"iteration":542,"passed_time":0.5652008222,"remaining_time":0.4756846698},
{"learn":[3.847854898],"iteration":543,"passed_time":0.565965448,"remaining_time":0.4744122137},
{"learn":[3.847083414],"iteration":544,"passed_time":0.5666940524,"remaining_time":0.4731115483},
{"learn":[3.845397429],"iteration":545,"passed_time":0.5674259828,"remaining_time":0.4718157439},
{"learn":[3.841933528],"iteration":546,"passed_time":0.568157643,"remaining_time":0.4705217775},
{"learn":[3.840996474],"iteration":547,"passed_time":0.568915515,"remaining_time":0.4692514832},
{"learn":[3.838355966],"iteration":548,"passed_time":0.569659545,"remaining_time":0.4679716845},
{"learn":[3.83342799],"iteration":549,"passed_time":0.5703840112,"remaining_time":0.4666778274},
{"learn":[3.828161535],"iteration":550,"passed_time":0.5711212604,"remaining_time":0.4653964536},
{"learn":[3.823502399],"iteration":551,"passed_time":0.5718688198,"remaining_time":0.464125419},
{"learn":[3.820068862],"iteration":552,"passed_time":0.5726183562,"remaining_time":0.4628578757},
{"learn":[3.817951642],"iteration":553,"passed_time":0.5733452874,"remaining_time":0.461574004},
{"learn":[3.815785958],"iteration":554,"passed_time":0.5740793278,"remaining_time":0.4602978394},
{"learn":[3.81503012],"iteration":555,"passed_time":0.5748111826,"remaining_time":0.4590218797},
{"learn":[3.813529315],"iteration":556,"passed_time":0.5755613866,"remaining_time":0.4577624673},
{"learn":[3.808881326],"iteration":557,"passed_time":0.5775913639,"remaining_time":0.4575186072},
{"learn":[3.808740434],"iteration":558,"passed_time":0.5783422512,"remaining_time":0.4562592716},
{"learn":[3.80714352],"iteration":559,"passed_time":0.5791054891,"remaining_time":0.4550114557},
{"learn":[3.80573346],"iteration":560,"passed_time":0.5798258037,"remaining_time":0.4537317787},
{"learn":[3.803370052],"iteration":561,"passed_time":0.5805644994,"remaining_time":0.4524684177},
{"learn":[3.803215211],"iteration":562,"passed_time":0.5812586123,"remaining_time":0.4511723154},
{"learn":[3.801309667],"iteration":563,"passed_time":0.5819858102,"remaining_time":0.4499039242},
{"learn":[3.800003847],"iteration":564,"passed_time":0.5827098871,"remaining_time":0.4486350458},
{"learn":[3.798026138],"iteration":565,"passed_time":0.5834319012,"remaining_time":0.4473665108},
{"learn":[3.794745847],"iteration":566,"passed_time":0.5841836034,"remaining_time":0.4461225754},
{"learn":[3.794312041],"iteration":567,"passed_time":0.5848919183,"remaining_time":0.4448473745},
{"learn":[3.792205926],"iteration":568,"passed_time":0.5856515334,"remaining_time":0.4436130244},
{"learn":[3.788991061],"iteration":569,"passed_time":0.5863945484,"remaining_time":0.4423678172},
{"learn":[3.787391572],"iteration":570,"passed_time":0.587146113,"remaining_time":0.4411307925},
{"learn":[3.7826445],"iteration":571,"passed_time":0.5879101538,"remaining_time":0.4399048004},
{"learn":[3.781700331],"iteration":572,"passed_time":0.5886415908,"remaining_time":0.4386561244},
{"learn":[3.780045374],"iteration":573,"passed_time":0.5893705379,"remaining_time":0.4374074027},
{"learn":[3.775462644],"iteration":574,"passed_time":0.590128221,"remaining_time":0.4361817286},
{"learn":[3.773711943],"iteration":575,"passed_time":0.5912137895,"remaining_time":0.4351990395},
{"learn":[3.772415806],"iteration":576,"passed_time":0.5927104144,"remaining_time":0.4345173402},
{"learn":[3.770170875],"iteration":577,"passed_time":0.5935261541,"remaining_time":0.4333357042},
{"learn":[3.765166479],"iteration":578,"passed_time":0.5942763639,"remaining_time":0.4321076843},
{"learn":[3.763976102],"iteration":579,"passed_time":0.5950098611,"remaining_time":0.4308692098},
{"learn":[3.760761708],"iteration":580,"passed_time":0.5957505145,"remaining_time":0.4296376344},
{"learn":[3.758155662],"iteration":581,"passed_time":0.5965088734,"remaining_time":0.4284204623},
{"learn":[3.756844548],"iteration":582,"passed_time":0.5972554099,"remaining_time":0.4271964081},
{"learn":[3.753098923],"iteration":583,"passed_time":0.5979995712,"remaining_time":0.4259722973},
{"learn":[3.751618946],"iteration":584,"passed_time":0.5987460233,"remaining_time":0.4247514524},
{"learn":[3.751398464],"iteration":585,"passed_time":0.5994371528,"remaining_time":0.4234931421},
{"learn":[3.749920103],"iteration":586,"passed_time":0.6001340786,"remaining_time":0.4222408423},
{"learn":[3.748237465],"iteration":587,"passed_time":0.6008895385,"remaining_time":0.4210314453},
{"learn":[3.746021536],"iteration":588,"passed_time":0.6016309316,"remaining_time":0.419813774},
{"learn":[3.74417648],"iteration":589,"passed_time":0.602384095,"remaining_time":0.4186058966},
{"learn":[3.738788389],"iteration":590,"passed_time":0.6031277916,"remaining_time":0.4173930063},
{"learn":[3.736021611],"iteration":591,"passed_time":0.6038948364,"remaining_time":0.4161977927},
{"learn":[3.734546151],"iteration":592,"passed_time":0.6046290838,"remaining_time":0.4149815128},
{"learn":[3.733527479],"iteration":593,"passed_time":0.605492912,"remaining_time":0.4138554247},
{"learn":[3.733026392],"iteration":594,"passed_time":0.6065020575,"remaining_time":0.4128291316},
{"learn":[3.730314752],"iteration":595,"passed_time":0.6079643314,"remaining_time":0.4121100502},
{"learn":[3.727342596],"iteration":596,"passed_time":0.6089079385,"remaining_time":0.4110383571},
{"learn":[3.725459604],"iteration":597,"passed_time":0.6096826229,"remaining_time":0.4098535358},
{"learn":[3.723158842],"iteration":598,"passed_time":0.6104100339,"remaining_time":0.4086384367},
{"learn":[3.722362756],"iteration":599,"passed_time":0.61113262,"remaining_time":0.4074217467},
{"learn":[3.721443615],"iteration":600,"passed_time":0.6118502877,"remaining_time":0.4062034356},
{"learn":[3.720743486],"iteration":601,"passed_time":0.6125782107,"remaining_time":0.4049935679},
{"learn":[3.720215334],"iteration":602,"passed_time":0.613286812,"remaining_time":0.4037725777},
{"learn":[3.719436563],"iteration":603,"passed_time":0.6140037925,"remaining_time":0.4025587779},
{"learn":[3.715046574],"iteration":604,"passed_time":0.6147391442,"remaining_time":0.4013586148},
{"learn":[3.71443396],"iteration":605,"passed_time":0.6154870486,"remaining_time":0.4001681471},
{"learn":[3.712938941],"iteration":606,"passed_time":0.6162247711,"remaining_time":0.3989725454},
{"learn":[3.712814764],"iteration":607,"passed_time":0.6169082737,"remaining_time":0.3977434923},
{"learn":[3.71235348],"iteration":608,"passed_time":0.6176307141,"remaining_time":0.3965412302},
{"learn":[3.711223749],"iteration":609,"passed_time":0.618332944,"remaining_time":0.3953276199},
{"learn":[3.710755648],"iteration":610,"passed_time":0.6194380014,"remaining_time":0.3943721482},
{"learn":[3.708668039],"iteration":611,"passed_time":0.6203590467,"remaining_time":0.3932995264},
{"learn":[3.705623591],"iteration":612,"passed_time":0.6215005707,"remaining_time":0.392366592},
{"learn":[3.704045802],"iteration":613,"passed_time":0.6227693075,"remaining_time":0.3915129523},
{"learn":[3.699915209],"iteration":614,"passed_time":0.6235432445,"remaining_time":0.39034821},
{"learn":[3.696182221],"iteration":615,"passed_time":0.6242813163,"remaining_time":0.389162379},
{"learn":[3.694263278],"iteration":616,"passed_time":0.6250127942,"remaining_time":0.3879739063},
{"learn":[3.693810229],"iteration":617,"passed_time":0.6257233323,"remaining_time":0.3867739692},
{"learn":[3.690900932],"iteration":618,"passed_time":0.6264611408,"remaining_time":0.3855923985},
{"learn":[3.688020895],"iteration":619,"passed_time":0.6272007759,"remaining_time":0.3844133788},
{"learn":[3.685491894],"iteration":620,"passed_time":0.6279411876,"remaining_time":0.3832362482},
{"learn":[3.684328128],"iteration":621,"passed_time":0.6286578394,"remaining_time":0.3820460824},
{"learn":[3.680640153],"iteration":622,"passed_time":0.6294707838,"remaining_time":0.3809157071},
{"learn":[3.678932783],"iteration":623,"passed_time":0.6302314515,"remaining_time":0.379754849},
{"learn":[3.674167041],"iteration":624,"passed_time":0.6309633145,"remaining_time":0.3785779887},
{"learn":[3.672200976],"iteration":625,"passed_time":0.6317034318,"remaining_time":0.3774074816},
{"learn":[3.670606604],"iteration":626,"passed_time":0.6324598229,"remaining_time":0.3762480286},
{"learn":[3.665506042],"iteration":627,"passed_time":0.6332660098,"remaining_time":0.3751193561},
{"learn":[3.664214007],"iteration":628,"passed_time":0.6340028272,"remaining_time":0.3739507932},
{"learn":[3.66261643],"iteration":629,"passed_time":0.6347450278,"remaining_time":0.3727867624},
{"learn":[3.662118449],"iteration":630,"passed_time":0.6354848352,"remaining_time":0.3716226691},
{"learn":[3.660871366],"iteration":631,"passed_time":0.6375536981,"remaining_time":0.3712337989},
{"learn":[3.656695243],"iteration":632,"passed_time":0.6384442532,"remaining_time":0.3701564628},
{"learn":[3.654497801],"iteration":633,"passed_time":0.6392117907,"remaining_time":0.3690086993},
{"learn":[3.654189134],"iteration":634,"passed_time":0.6399302671,"remaining_time":0.3678339331},
{"learn":[3.653957699],"iteration":635,"passed_time":0.6406513168,"remaining_time":0.3666620744},
{"learn":[3.651920725],"iteration":636,"passed_time":0.6413883979,"remaining_time":0.3655007668},
{"learn":[3.65106705],"iteration":637,"passed_time":0.6421859635,"remaining_time":0.3643751078},
{"learn":[3.650612844],"iteration":638,"passed_time":0.6429799545,"remaining_time":0.3632484563},
{"learn":[3.649884732],"iteration":639,"passed_time":0.6438822429,"remaining_time":0.3621837616},
{"learn":[3.646276182],"iteration":640,"passed_time":0.6446846416,"remaining_time":0.3610636292},
{"learn":[3.645808194],"iteration":641,"passed_time":0.6454005833,"remaining_time":0.3598962754},
{"learn":[3.645042989],"iteration":642,"passed_time":0.6461297682,"remaining_time":0.3587376785},
{"learn":[3.639864499],"iteration":643,"passed_time":0.646917609,"remaining_time":0.3576128398},
{"learn":[3.637318478],"iteration":644,"passed_time":0.6476850582,"remaining_time":0.3564778227},
{"learn":[3.636344905],"iteration":645,"passed_time":0.6484111981,"remaining_time":0.3553213067},
{"learn":[3.634754643],"iteration":646,"passed_time":0.6491315505,"remaining_time":0.3541629634},
{"learn":[3.630724975],"iteration":647,"passed_time":0.6498908656,"remaining_time":0.3530271369},
{"learn":[3.629408252],"iteration":648,"passed_time":0.6506190784,"remaining_time":0.3518756495},
{"learn":[3.62790646],"iteration":649,"passed_time":0.6525761448,"remaining_time":0.3513871549},
{"learn":[3.627388973],"iteration":650,"passed_time":0.6533989363,"remaining_time":0.3502860657},
{"learn":[3.625163557],"iteration":651,"passed_time":0.6541504997,"remaining_time":0.3491478127},
{"learn":[3.623701985],"iteration":652,"passed_time":0.6548887649,"remaining_time":0.3480036775},
{"learn":[3.622342639],"iteration":653,"passed_time":0.6556133434,"remaining_time":0.3468535425},
{"learn":[3.621130639],"iteration":654,"passed_time":0.6563488357,"remaining_time":0.3457104554},
{"learn":[3.619125665],"iteration":655,"passed_time":0.65711259,"remaining_time":0.3445834313},
{"learn":[3.618878783],"iteration":656,"passed_time":0.6578235645,"remaining_time":0.3434299583},
{"learn":[3.616207429],"iteration":657,"passed_time":0.6585582794,"remaining_time":0.3422901695},
{"learn":[3.61206486],"iteration":658,"passed_time":0.6593084421,"remaining_time":0.3411596036},
{"learn":[3.611955873],"iteration":659,"passed_time":0.6600850699,"remaining_time":0.3400438239},
{"learn":[3.610713743],"iteration":660,"passed_time":0.6608811489,"remaining_time":0.3389390461},
{"learn":[3.610044025],"iteration":661,"passed_time":0.6616103476,"remaining_time":0.3378010536},
{"learn":[3.607342669],"iteration":662,"passed_time":0.6623528381,"remaining_time":0.3366710504},
{"learn":[3.602510618],"iteration":663,"passed_time":0.6631050325,"remaining_time":0.3355471249},
{"learn":[3.600492392],"iteration":664,"passed_time":0.6638416222,"remaining_time":0.3344164563},
{"learn":[3.597171065],"iteration":665,"passed_time":0.664573713,"remaining_time":0.3332847149},
{"learn":[3.594358798],"iteration":666,"passed_time":0.665332956,"remaining_time":0.3321677277},
{"learn":[3.593945251],"iteration":667,"passed_time":0.6660679951,"remaining_time":0.331039782},
{"learn":[3.593607748],"iteration":668,"passed_time":0.6685825419,"remaining_time":0.330793455},
{"learn":[3.592238714],"iteration":669,"passed_time":0.6694631733,"remaining_time":0.3297355928},
{"learn":[3.590144654],"iteration":670,"passed_time":0.6704027837,"remaining_time":0.3287071771},
{"learn":[3.587151536],"iteration":671,"passed_time":0.6715112557,"remaining_time":0.3277614462},
{"learn":[3.586070865],"iteration":672,"passed_time":0.6725672594,"remaining_time":0.3267897382},
{"learn":[3.585102746],"iteration":673,"passed_time":0.6735102867,"remaining_time":0.3257631357},
{"learn":[3.584362847],"iteration":674,"passed_time":0.6743584732,"remaining_time":0.3246911167},
{"learn":[3.581407561],"iteration":675,"passed_time":0.6762677058,"remaining_time":0.3241283087},
{"learn":[3.57919422],"iteration":676,"passed_time":0.677621335,"remaining_time":0.323296442},
{"learn":[3.577632204],"iteration":677,"passed_time":0.6783800867,"remaining_time":0.3221805131},
{"learn":[3.573911195],"iteration":678,"passed_time":0.6791214732,"remaining_time":0.321057427},
{"learn":[3.573408216],"iteration":679,"passed_time":0.6798248383,"remaining_time":0.3199175709},
{"learn":[3.571076482],"iteration":680,"passed_time":0.6805675978,"remaining_time":0.3187974503},
{"learn":[3.568177107],"iteration":681,"passed_time":0.6816160667,"remaining_time":0.3178209813},
{"learn":[3.564824621],"iteration":682,"passed_time":0.6849739243,"remaining_time":0.3179161552},
{"learn":[3.562475026],"iteration":683,"passed_time":0.686964943,"remaining_time":0.317369769},
{"learn":[3.561226889],"iteration":684,"passed_time":0.6883014669,"remaining_time":0.3165181928},
{"learn":[3.559383467],"iteration":685,"passed_time":0.6892154259,"remaining_time":0.3154717838},
{"learn":[3.555209766],"iteration":686,"passed_time":0.6900705955,"remaining_time":0.3143989758},
{"learn":[3.55345383],"iteration":687,"passed_time":0.6909227294,"remaining_time":0.3133254238},
{"learn":[3.552300968],"iteration":688,"passed_time":0.691708525,"remaining_time":0.3122225708},
{"learn":[3.551253986],"iteration":689,"passed_time":0.69250582,"remaining_time":0.3111258032},
{"learn":[3.549807725],"iteration":690,"passed_time":0.6932618674,"remaining_time":0.3100114573},
{"learn":[3.547992926],"iteration":691,"passed_time":0.6940249907,"remaining_time":0.3089012964},
{"learn":[3.545438607],"iteration":692,"passed_time":0.6947972206,"remaining_time":0.3077961713},
{"learn":[3.543313763],"iteration":693,"passed_time":0.6955715866,"remaining_time":0.3066929474},
{"learn":[3.542962896],"iteration":694,"passed_time":0.6976161653,"remaining_time":0.3061481013},
{"learn":[3.539800465],"iteration":695,"passed_time":0.6995051801,"remaining_time":0.3055309982},
{"learn":[3.53953187],"iteration":696,"passed_time":0.7017335076,"remaining_time":0.3050577515},
{"learn":[3.536332425],"iteration":697,"passed_time":0.7026623605,"remaining_time":0.3040172391},
{"learn":[3.534993327],"iteration":698,"passed_time":0.7034447022,"remaining_time":0.3029139562},
{"learn":[3.531637011],"iteration":699,"passed_time":0.7042315451,"remaining_time":0.3018135193},
{"learn":[3.531040284],"iteration":700,"passed_time":0.7050261227,"remaining_time":0.3007172763},
{"learn":[3.529973872],"iteration":701,"passed_time":0.7058015032,"remaining_time":0.2996137435},
{"learn":[3.527325183],"iteration":702,"passed_time":0.7066150995,"remaining_time":0.2985272895},
{"learn":[3.527200815],"iteration":703,"passed_time":0.7073383724,"remaining_time":0.2974036339},
{"learn":[3.523459911],"iteration":704,"passed_time":0.708106305,"remaining_time":0.2962998014},
{"learn":[3.522729934],"iteration":705,"passed_time":0.7088843917,"remaining_time":0.295201149},
{"learn":[3.522260582],"iteration":706,"passed_time":0.7096436876,"remaining_time":0.2940956159},
{"learn":[3.518641591],"iteration":707,"passed_time":0.710519504,"remaining_time":0.2930391175},
{"learn":[3.516856405],"iteration":708,"passed_time":0.7137505735,"remaining_time":0.2929498123},
{"learn":[3.515083413],"iteration":709,"passed_time":0.7149273218,"remaining_time":0.2920125681},
{"learn":[3.514671214],"iteration":710,"passed_time":0.7158128248,"remaining_time":0.2909562678},
{"learn":[3.512617621],"iteration":711,"passed_time":0.7170906851,"remaining_time":0.2900591535},
{"learn":[3.510747971],"iteration":712,"passed_time":0.7181716175,"remaining_time":0.289081703},
{"learn":[3.508149266],"iteration":713,"passed_time":0.7192075649,"remaining_time":0.2880859434},
{"learn":[3.504557165],"iteration":714,"passed_time":0.7202349246,"remaining_time":0.2870866483},
{"learn":[3.501367208],"iteration":715,"passed_time":0.7213183369,"remaining_time":0.2861095079},
{"learn":[3.497593362],"iteration":716,"passed_time":0.7222235046,"remaining_time":0.285061718},
{"learn":[3.496291169],"iteration":717,"passed_time":0.7230899828,"remaining_time":0.2839991297},
{"learn":[3.49330374],"iteration":718,"passed_time":0.7243410007,"remaining_time":0.283087373},
{"learn":[3.490044385],"iteration":719,"passed_time":0.7298442779,"remaining_time":0.2838283303},
{"learn":[3.488891789],"iteration":720,"passed_time":0.7310446802,"remaining_time":0.2828869151},
{"learn":[3.486869081],"iteration":721,"passed_time":0.7322535396,"remaining_time":0.2819480388},
{"learn":[3.486303638],"iteration":722,"passed_time":0.7332036783,"remaining_time":0.2809092931},
{"learn":[3.486035862],"iteration":723,"passed_time":0.7341258149,"remaining_time":0.2798601173},
{"learn":[3.482668951],"iteration":724,"passed_time":0.7348882568,"remaining_time":0.2787507181},
{"learn":[3.47820549],"iteration":725,"passed_time":0.7356912009,"remaining_time":0.2776575607},
{"learn":[3.474392283],"iteration":726,"passed_time":0.7365077547,"remaining_time":0.2765703123},
{"learn":[3.472268163],"iteration":727,"passed_time":0.7373091793,"remaining_time":0.2754781549},
{"learn":[3.471209164],"iteration":728,"passed_time":0.7380709155,"remaining_time":0.2743720413},
{"learn":[3.470049971],"iteration":729,"passed_time":0.7388373602,"remaining_time":0.2732686127},
{"learn":[3.469078654],"iteration":730,"passed_time":0.7396326008,"remaining_time":0.2721767026},
{"learn":[3.468643292],"iteration":731,"passed_time":0.7403746835,"remaining_time":0.2710661409},
{"learn":[3.468134848],"iteration":732,"passed_time":0.7428532313,"remaining_time":0.2705891033},
{"learn":[3.467820182],"iteration":733,"passed_time":0.7453773688,"remaining_time":0.2701231337},
{"learn":[3.465776156],"iteration":734,"passed_time":0.7462737962,"remaining_time":0.269064702},
{"learn":[3.463037608],"iteration":735,"passed_time":0.7470492407,"remaining_time":0.2679633146},
{"learn":[3.45965637],"iteration":736,"passed_time":0.7478170838,"remaining_time":0.2668600991},
{"learn":[3.457275091],"iteration":737,"passed_time":0.7485477395,"remaining_time":0.2657445905},
{"learn":[3.455522955],"iteration":738,"passed_time":0.7493041904,"remaining_time":0.2646392337},
{"learn":[3.451270508],"iteration":739,"passed_time":0.7500401021,"remaining_time":0.2635276034},
{"learn":[3.450978947],"iteration":740,"passed_time":0.7507551504,"remaining_time":0.2624096949},
{"learn":[3.450608492],"iteration":741,"passed_time":0.7514591441,"remaining_time":0.2612890285},
{"learn":[3.448122004],"iteration":742,"passed_time":0.7521890417,"remaining_time":0.2601784438},
{"learn":[3.445646714],"iteration":743,"passed_time":0.752932377,"remaining_time":0.2590735061},
{"learn":[3.44411263],"iteration":744,"passed_time":0.7536809764,"remaining_time":0.2579713409},
{"learn":[3.443264164],"iteration":745,"passed_time":0.7544123996,"remaining_time":0.2568642755},
{"learn":[3.439521363],"iteration":746,"passed_time":0.7551508895,"remaining_time":0.2557606092},
{"learn":[3.436809225],"iteration":747,"passed_time":0.7563780903,"remaining_time":0.2548225652},
{"learn":[3.435509465],"iteration":748,"passed_time":0.7588257755,"remaining_time":0.2542927499},
{"learn":[3.434450277],"iteration":749,"passed_time":0.7612626228,"remaining_time":0.2537542076},
{"learn":[3.431786753],"iteration":750,"passed_time":0.7620689981,"remaining_time":0.252670014},
{"learn":[3.430150302],"iteration":751,"passed_time":0.7628360877,"remaining_time":0.2515736034},
{"learn":[3.42696281],"iteration":752,"passed_time":0.7637017765,"remaining_time":0.2505104101},
{"learn":[3.426870334],"iteration":753,"passed_time":0.7644282726,"remaining_time":0.2494023277},
{"learn":[3.425200309],"iteration":754,"passed_time":0.7652219725,"remaining_time":0.2483170639},
{"learn":[3.423383783],"iteration":755,"passed_time":0.7660745273,"remaining_time":0.247251567},
{"learn":[3.422752979],"iteration":756,"passed_time":0.7668073843,"remaining_time":0.2461482092},
{"learn":[3.420845924],"iteration":757,"passed_time":0.7675743159,"remaining_time":0.2450567077},
{"learn":[3.418917862],"iteration":758,"passed_time":0.7683028366,"remaining_time":0.2439538651},
{"learn":[3.417095735],"iteration":759,"passed_time":0.7690528679,"remaining_time":0.2428588004},
{"learn":[3.414391848],"iteration":760,"passed_time":0.7698254906,"remaining_time":0.2417717375},
{"learn":[3.41426711],"iteration":761,"passed_time":0.7736505832,"remaining_time":0.2416388961},
{"learn":[3.411976013],"iteration":762,"passed_time":0.7744777113,"remaining_time":0.2405651606},
{"learn":[3.408614844],"iteration":763,"passed_time":0.7752239949,"remaining_time":0.2394670979},
{"learn":[3.407906721],"iteration":764,"passed_time":0.7759595812,"remaining_time":0.2383666687},
{"learn":[3.407494015],"iteration":765,"passed_time":0.7767065853,"remaining_time":0.2372706801},
{"learn":[3.406287128],"iteration":766,"passed_time":0.7774522873,"remaining_time":0.2361752059},
{"learn":[3.404600442],"iteration":767,"passed_time":0.778172287,"remaining_time":0.2350728784},
{"learn":[3.404012662],"iteration":768,"passed_time":0.7788765624,"remaining_time":0.2339668217},
{"learn":[3.400398762],"iteration":769,"passed_time":0.7796016084,"remaining_time":0.2328680129},
{"learn":[3.399737714],"iteration":770,"passed_time":0.7803242068,"remaining_time":0.2317694466},
{"learn":[3.399185251],"iteration":771,"passed_time":0.7810460894,"remaining_time":0.230671643},
{"learn":[3.397245411],"iteration":772,"passed_time":0.7818167286,"remaining_time":0.2295891299},
{"learn":[3.396229831],"iteration":773,"passed_time":0.7825430654,"remaining_time":0.2284944868},
{"learn":[3.394002836],"iteration":774,"passed_time":0.7832699199,"remaining_time":0.2274009445},
{"learn":[3.389617243],"iteration":775,"passed_time":0.7839999208,"remaining_time":0.2263092555},
{"learn":[3.385426488],"iteration":776,"passed_time":0.7847824736,"remaining_time":0.22523358},
{"learn":[3.385072258],"iteration":777,"passed_time":0.7858532877,"remaining_time":0.2242409124},
{"learn":[3.383842366],"iteration":778,"passed_time":0.7871427429,"remaining_time":0.2233100721},
{"learn":[3.380110746],"iteration":779,"passed_time":0.7880743333,"remaining_time":0.2222773761},
{"learn":[3.378595218],"iteration":780,"passed_time":0.7888219956,"remaining_time":0.2211933637},
{"learn":[3.377371219],"iteration":781,"passed_time":0.789561744,"remaining_time":0.2201080054},
{"learn":[3.375814782],"iteration":782,"passed_time":0.7903711043,"remaining_time":0.219042822},
{"learn":[3.374195887],"iteration":783,"passed_time":0.7911343251,"remaining_time":0.2179655794},
{"learn":[3.373704309],"iteration":784,"passed_time":0.791864565,"remaining_time":0.2168801038},
{"learn":[3.372971757],"iteration":785,"passed_time":0.7925948291,"remaining_time":0.2157955387},
{"learn":[3.371565136],"iteration":786,"passed_time":0.7933250439,"remaining_time":0.2147118607},
{"learn":[3.3700309],"iteration":787,"passed_time":0.794050209,"remaining_time":0.2136277212},
{"learn":[3.368186663],"iteration":788,"passed_time":0.794786155,"remaining_time":0.2125473748},
{"learn":[3.366710398],"iteration":789,"passed_time":0.7955232553,"remaining_time":0.2114682071},
{"learn":[3.364598042],"iteration":790,"passed_time":0.7962493012,"remaining_time":0.2103869835},
{"learn":[3.36348442],"iteration":791,"passed_time":0.796987428,"remaining_time":0.2093098296},
{"learn":[3.362001759],"iteration":792,"passed_time":0.7977132541,"remaining_time":0.2082303198},
{"learn":[3.361580401],"iteration":793,"passed_time":0.7984404054,"remaining_time":0.2071520447},
{"learn":[3.359543675],"iteration":794,"passed_time":0.7992362361,"remaining_time":0.2060923628},
{"learn":[3.35766119],"iteration":795,"passed_time":0.800205395,"remaining_time":0.2050777646},
{"learn":[3.354592969],"iteration":796,"passed_time":0.802187998,"remaining_time":0.2043214098},
{"learn":[3.350985986],"iteration":797,"passed_time":0.8029684868,"remaining_time":0.2032576871},
{"learn":[3.349589624],"iteration":798,"passed_time":0.8039394566,"remaining_time":0.2022425917},
{"learn":[3.349110856],"iteration":799,"passed_time":0.8048029322,"remaining_time":0.201200733},
{"learn":[3.345315441],"iteration":800,"passed_time":0.8055393442,"remaining_time":0.2001277522},
{"learn":[3.34397474],"iteration":801,"passed_time":0.8062740683,"remaining_time":0.1990551939},
{"learn":[3.343800902],"iteration":802,"passed_time":0.8069716081,"remaining_time":0.1979743547},
{"learn":[3.342329465],"iteration":803,"passed_time":0.8076997773,"remaining_time":0.1969019358},
{"learn":[3.34220347],"iteration":804,"passed_time":0.8084588793,"remaining_time":0.1958378652},
{"learn":[3.341279219],"iteration":805,"passed_time":0.8091945058,"remaining_time":0.1947689009},
{"learn":[3.337329521],"iteration":806,"passed_time":0.8099672957,"remaining_time":0.1937096506},
{"learn":[3.336708453],"iteration":807,"passed_time":0.8106972553,"remaining_time":0.192640932},
{"learn":[3.333252703],"iteration":808,"passed_time":0.8114478822,"remaining_time":0.1915779302},
{"learn":[3.332186769],"iteration":809,"passed_time":0.8121731972,"remaining_time":0.1905097623},
{"learn":[3.330594851],"iteration":810,"passed_time":0.8128956799,"remaining_time":0.1894417799},
{"learn":[3.327867442],"iteration":811,"passed_time":0.8136322341,"remaining_time":0.1883779064},
{"learn":[3.327563111],"iteration":812,"passed_time":0.8143734129,"remaining_time":0.1873159019},
{"learn":[3.326308994],"iteration":813,"passed_time":0.8159245987,"remaining_time":0.1864397732},
{"learn":[3.326249879],"iteration":814,"passed_time":0.8170730561,"remaining_time":0.185470571},
{"learn":[3.322336238],"iteration":815,"passed_time":0.8180957727,"remaining_time":0.1844725762},
{"learn":[3.320491154],"iteration":816,"passed_time":0.819077604,"remaining_time":0.1834653629},
{"learn":[3.320434271],"iteration":817,"passed_time":0.8198623624,"remaining_time":0.1824143642},
{"learn":[3.319609638],"iteration":818,"passed_time":0.8207585295,"remaining_time":0.1813886372},
{"learn":[3.316182682],"iteration":819,"passed_time":0.8229222636,"remaining_time":0.1806414725},
{"learn":[3.313126612],"iteration":820,"passed_time":0.8237058237,"remaining_time":0.1795899421},
{"learn":[3.311222803],"iteration":821,"passed_time":0.824454541,"remaining_time":0.1785315186},
{"learn":[3.309627335],"iteration":822,"passed_time":0.8252074011,"remaining_time":0.1774747388},
{"learn":[3.307974895],"iteration":823,"passed_time":0.8259433024,"remaining_time":0.1764150743},
{"learn":[3.307321505],"iteration":824,"passed_time":0.8267222078,"remaining_time":0.1753653168},
{"learn":[3.306759087],"iteration":825,"passed_time":0.8274669581,"remaining_time":0.1743090202},
{"learn":[3.30484037],"iteration":826,"passed_time":0.8282142555,"remaining_time":0.1732540099},
{"learn":[3.30201994],"iteration":827,"passed_time":0.8289536878,"remaining_time":0.1721981091},
{"learn":[3.299302297],"iteration":828,"passed_time":0.8297016335,"remaining_time":0.1711447278},
{"learn":[3.298132671],"iteration":829,"passed_time":0.8324041451,"remaining_time":0.1704924153},
{"learn":[3.296976183],"iteration":830,"passed_time":0.8351799327,"remaining_time":0.1698500705},
{"learn":[3.293144745],"iteration":831,"passed_time":0.8361356419,"remaining_time":0.1688350815},
{"learn":[3.290284404],"iteration":832,"passed_time":0.8371480378,"remaining_time":0.1678315994},
{"learn":[3.288285745],"iteration":833,"passed_time":0.8379834403,"remaining_time":0.166792867},
{"learn":[3.286662667],"iteration":834,"passed_time":0.8387407924,"remaining_time":0.1657391985},
{"learn":[3.285692682],"iteration":835,"passed_time":0.8395703711,"remaining_time":0.1647004077},
{"learn":[3.284565611],"iteration":836,"passed_time":0.8403250409,"remaining_time":0.1636475289},
{"learn":[3.283897383],"iteration":837,"passed_time":0.8410963183,"remaining_time":0.1625985723},
{"learn":[3.280712855],"iteration":838,"passed_time":0.8418823664,"remaining_time":0.161553112},
{"learn":[3.280468341],"iteration":839,"passed_time":0.8425719291,"remaining_time":0.1604898913},
{"learn":[3.277814895],"iteration":840,"passed_time":0.8433178473,"remaining_time":0.1594382137},
{"learn":[3.276316385],"iteration":841,"passed_time":0.8440462397,"remaining_time":0.1583839737},
{"learn":[3.27557063],"iteration":842,"passed_time":0.8448057106,"remaining_time":0.1573362949},
{"learn":[3.27499628],"iteration":843,"passed_time":0.8484378122,"remaining_time":0.1568202591},
{"learn":[3.273569958],"iteration":844,"passed_time":0.8509374388,"remaining_time":0.156089116},
{"learn":[3.269665595],"iteration":845,"passed_time":0.8518845095,"remaining_time":0.1550711755},
{"learn":[3.267984685],"iteration":846,"passed_time":0.8527804103,"remaining_time":0.1540441591},
{"learn":[3.267702508],"iteration":847,"passed_time":0.8537190928,"remaining_time":0.1530251204},
{"learn":[3.266671924],"iteration":848,"passed_time":0.854629439,"remaining_time":0.1520012312},
{"learn":[3.265359825],"iteration":849,"passed_time":0.85556759,"remaining_time":0.1509825159},
{"learn":[3.2618983],"iteration":850,"passed_time":0.8564387792,"remaining_time":0.1499522657},
{"learn":[3.260456253],"iteration":851,"passed_time":0.8573958722,"remaining_time":0.1489373111},
{"learn":[3.258389147],"iteration":852,"passed_time":0.8583520277,"remaining_time":0.1479223307},
{"learn":[3.258108469],"iteration":853,"passed_time":0.8592030134,"remaining_time":0.1468895081},
{"learn":[3.256424936],"iteration":854,"passed_time":0.8618442866,"remaining_time":0.146160727},
{"learn":[3.254817983],"iteration":855,"passed_time":0.8639545001,"remaining_time":0.1453381402},
{"learn":[3.253898449],"iteration":856,"passed_time":0.8648779387,"remaining_time":0.1443145219},
{"learn":[3.253023652],"iteration":857,"passed_time":0.8658225386,"remaining_time":0.1432946393},
{"learn":[3.252845542],"iteration":858,"passed_time":0.8667216506,"remaining_time":0.1422674653},
{"learn":[3.252316026],"iteration":859,"passed_time":0.8675484665,"remaining_time":0.1412288201},
{"learn":[3.24975301],"iteration":860,"passed_time":0.8683029882,"remaining_time":0.1401789958},
{"learn":[3.249151075],"iteration":861,"passed_time":0.8690387681,"remaining_time":0.1391268561},
{"learn":[3.246257135],"iteration":862,"passed_time":0.8698024781,"remaining_time":0.1380798835},
{"learn":[3.243826471],"iteration":863,"passed_time":0.870538769,"remaining_time":0.1370292507},
{"learn":[3.243190653],"iteration":864,"passed_time":0.871262089,"remaining_time":0.1359773202},
{"learn":[3.24008797],"iteration":865,"passed_time":0.8720037877,"remaining_time":0.1349289926},
{"learn":[3.240036811],"iteration":866,"passed_time":0.8727191474,"remaining_time":0.1338773317},
{"learn":[3.238676314],"iteration":867,"passed_time":0.8735453621,"remaining_time":0.1328433039},
{"learn":[3.237848782],"iteration":868,"passed_time":0.8745086021,"remaining_time":0.1318304107},
{"learn":[3.236405498],"iteration":869,"passed_time":0.8766467639,"remaining_time":0.1309931946},
{"learn":[3.233378068],"iteration":870,"passed_time":0.8778865895,"remaining_time":0.1300199427},
{"learn":[3.233169169],"iteration":871,"passed_time":0.8786635496,"remaining_time":0.1289781357},
{"learn":[3.232434885],"iteration":872,"passed_time":0.8793955178,"remaining_time":0.1279303903},
{"learn":[3.229978115],"iteration":873,"passed_time":0.880163031,"remaining_time":0.1268884919},
{"learn":[3.229648848],"iteration":874,"passed_time":0.8808775215,"remaining_time":0.1258396459},
{"learn":[3.227208761],"iteration":875,"passed_time":0.881602675,"remaining_time":0.1247930727},
{"learn":[3.226258869],"iteration":876,"passed_time":0.8823359765,"remaining_time":0.1237483753},
{"learn":[3.225331995],"iteration":877,"passed_time":0.8830770227,"remaining_time":0.1227054633},
{"learn":[3.221968268],"iteration":878,"passed_time":0.8838102416,"remaining_time":0.1216621607},
{"learn":[3.221166317],"iteration":879,"passed_time":0.8845406407,"remaining_time":0.1206191783},
{"learn":[3.220047503],"iteration":880,"passed_time":0.8853266371,"remaining_time":0.1195844152},
{"learn":[3.21982781],"iteration":881,"passed_time":0.8860279154,"remaining_time":0.1185388821},
{"learn":[3.216693405],"iteration":882,"passed_time":0.8867794364,"remaining_time":0.117500786},
{"learn":[3.214798761],"iteration":883,"passed_time":0.8876055801,"remaining_time":0.1164731304},
{"learn":[3.214395085],"iteration":884,"passed_time":0.8883967442,"remaining_time":0.1154413848},
{"learn":[3.213470696],"iteration":885,"passed_time":0.8891354928,"remaining_time":0.1144034381},
{"learn":[3.211595017],"iteration":886,"passed_time":0.8900868006,"remaining_time":0.1133932452},
{"learn":[3.210965255],"iteration":887,"passed_time":0.8920834842,"remaining_time":0.112515034},
{"learn":[3.209413583],"iteration":888,"passed_time":0.8928819976,"remaining_time":0.1114847039},
{"learn":[3.208331683],"iteration":889,"passed_time":0.893662594,"remaining_time":0.1104526802},
{"learn":[3.207110711],"iteration":890,"passed_time":0.8944025717,"remaining_time":0.1094162518},
{"learn":[3.204519413],"iteration":891,"passed_time":0.8951993105,"remaining_time":0.1083873605},
{"learn":[3.201421296],"iteration":892,"passed_time":0.8959595018,"remaining_time":0.10735461},
{"learn":[3.200691259],"iteration":893,"passed_time":0.8966928264,"remaining_time":0.1063192837},
{"learn":[3.200485067],"iteration":894,"passed_time":0.8973990387,"remaining_time":0.1052814515},
{"learn":[3.197467568],"iteration":895,"passed_time":0.8981466864,"remaining_time":0.104249169},
{"learn":[3.195838544],"iteration":896,"passed_time":0.8989095007,"remaining_time":0.1032192626},
{"learn":[3.195671746],"iteration":897,"passed_time":0.8996295405,"remaining_time":0.1021850926},
{"learn":[3.194213094],"iteration":898,"passed_time":0.9003720583,"remaining_time":0.1011541467},
{"learn":[3.192884691],"iteration":899,"passed_time":0.9011597892,"remaining_time":0.1001288655},
{"learn":[3.188364239],"iteration":900,"passed_time":0.901916996,"remaining_time":0.09910075761},
{"learn":[3.185219478],"iteration":901,"passed_time":0.9026527917,"remaining_time":0.09807092415},
{"learn":[3.184120387],"iteration":902,"passed_time":0.9033766508,"remaining_time":0.09704045973},
{"learn":[3.183725321],"iteration":903,"passed_time":0.9040942924,"remaining_time":0.09601001335},
{"learn":[3.181264554],"iteration":904,"passed_time":0.9048681859,"remaining_time":0.09498616316},
{"learn":[3.180741589],"iteration":905,"passed_time":0.9066703198,"remaining_time":0.09406954753},
{"learn":[3.179782639],"iteration":906,"passed_time":0.9074748168,"remaining_time":0.09304868574},
{"learn":[3.176377564],"iteration":907,"passed_time":0.9082590036,"remaining_time":0.09202624266},
{"learn":[3.174078182],"iteration":908,"passed_time":0.9090516078,"remaining_time":0.09100516645},
{"learn":[3.171242379],"iteration":909,"passed_time":0.9097849847,"remaining_time":0.08997873476},
{"learn":[3.170421012],"iteration":910,"passed_time":0.9105143747,"remaining_time":0.08895255691},
{"learn":[3.170087224],"iteration":911,"passed_time":0.9112428037,"remaining_time":0.0879269372},
{"learn":[3.167303059],"iteration":912,"passed_time":0.9119932698,"remaining_time":0.08690406843},
{"learn":[3.16705966],"iteration":913,"passed_time":0.9126958674,"remaining_time":0.08587729168},
{"learn":[3.165667683],"iteration":914,"passed_time":0.9134424625,"remaining_time":0.08485531072},
{"learn":[3.164689733],"iteration":915,"passed_time":0.914170303,"remaining_time":0.08383221119},
{"learn":[3.163311455],"iteration":916,"passed_time":0.914905855,"remaining_time":0.08281045362},
{"learn":[3.159425016],"iteration":917,"passed_time":0.9156882603,"remaining_time":0.08179350473},
{"learn":[3.159327058],"iteration":918,"passed_time":0.9163992945,"remaining_time":0.08077077569},
{"learn":[3.15819426],"iteration":919,"passed_time":0.9171287615,"remaining_time":0.07975032709},
{"learn":[3.157086603],"iteration":920,"passed_time":0.9178601115,"remaining_time":0.07873067189},
{"learn":[3.153354154],"iteration":921,"passed_time":0.9185952226,"remaining_time":0.07771196026},
{"learn":[3.153261317],"iteration":922,"passed_time":0.919315743,"remaining_time":0.07669264595},
{"learn":[3.153168454],"iteration":923,"passed_time":0.9200057297,"remaining_time":0.07567146694},
{"learn":[3.152080399],"iteration":924,"passed_time":0.9217324442,"remaining_time":0.07473506304},
{"learn":[3.151635144],"iteration":925,"passed_time":0.9225231497,"remaining_time":0.07372215235},
{"learn":[3.147762655],"iteration":926,"passed_time":0.92327561,"remaining_time":0.07270670931},
{"learn":[3.147172317],"iteration":927,"passed_time":0.9240029305,"remaining_time":0.07168988254},
{"learn":[3.146254125],"iteration":928,"passed_time":0.924764556,"remaining_time":0.07067630084},
{"learn":[3.144869828],"iteration":929,"passed_time":0.9255022581,"remaining_time":0.06966146029},
{"learn":[3.143466218],"iteration":930,"passed_time":0.9262343466,"remaining_time":0.06864679905},
{"learn":[3.141919643],"iteration":931,"passed_time":0.9269900343,"remaining_time":0.06763446602},
{"learn":[3.141054135],"iteration":932,"passed_time":0.9277198413,"remaining_time":0.06662082461},
{"learn":[3.139390417],"iteration":933,"passed_time":0.9285120465,"remaining_time":0.06561220029},
{"learn":[3.139025283],"iteration":934,"passed_time":0.9292541022,"remaining_time":0.06460055256},
{"learn":[3.137824183],"iteration":935,"passed_time":0.9300062557,"remaining_time":0.06359017133},
{"learn":[3.135620453],"iteration":936,"passed_time":0.9307516093,"remaining_time":0.06257988408},
{"learn":[3.13443178],"iteration":937,"passed_time":0.9315128231,"remaining_time":0.06157121006},
{"learn":[3.132765713],"iteration":938,"passed_time":0.9322439368,"remaining_time":0.06056110771},
{"learn":[3.131434124],"iteration":939,"passed_time":0.9329773847,"remaining_time":0.05955174796},
{"learn":[3.128384262],"iteration":940,"passed_time":0.9337078959,"remaining_time":0.0585427905},
{"learn":[3.128120455],"iteration":941,"passed_time":0.9344235389,"remaining_time":0.05753350877},
{"learn":[3.126314615],"iteration":942,"passed_time":0.9351680036,"remaining_time":0.05652659195},
{"learn":[3.125409666],"iteration":943,"passed_time":0.9368477328,"remaining_time":0.05557571296},
{"learn":[3.123072589],"iteration":944,"passed_time":0.9376646585,"remaining_time":0.05457307536},
{"learn":[3.122921099],"iteration":945,"passed_time":0.938406725,"remaining_time":0.05356655724},
{"learn":[3.122182662],"iteration":946,"passed_time":0.9391439684,"remaining_time":0.05256032769},
{"learn":[3.120040951],"iteration":947,"passed_time":0.9398784932,"remaining_time":0.05155451651},
{"learn":[3.118767799],"iteration":948,"passed_time":0.9406122025,"remaining_time":0.05054923322},
{"learn":[3.118203218],"iteration":949,"passed_time":0.9413442427,"remaining_time":0.04954443383},
{"learn":[3.116343362],"iteration":950,"passed_time":0.9420963481,"remaining_time":0.04854124191},
{"learn":[3.11480829],"iteration":951,"passed_time":0.9429660942,"remaining_time":0.04754450895},
{"learn":[3.112607903],"iteration":952,"passed_time":0.9440108035,"remaining_time":0.04655667132},
{"learn":[3.111661241],"iteration":953,"passed_time":0.9447567526,"remaining_time":0.04555430882},
{"learn":[3.110249676],"iteration":954,"passed_time":0.9454905832,"remaining_time":0.0445519123},
{"learn":[3.107333579],"iteration":955,"passed_time":0.9462334013,"remaining_time":0.04355049127},
{"learn":[3.107149851],"iteration":956,"passed_time":0.9469273125,"remaining_time":0.04254741321},
{"learn":[3.106867336],"iteration":957,"passed_time":0.947665713,"remaining_time":0.04154693105},
{"learn":[3.10364681],"iteration":958,"passed_time":0.9484058407,"remaining_time":0.04054706931},
{"learn":[3.102703811],"iteration":959,"passed_time":0.9491681762,"remaining_time":0.03954867401},
{"learn":[3.101469264],"iteration":960,"passed_time":0.9499413813,"remaining_time":0.0385512111},
{"learn":[3.09863569],"iteration":961,"passed_time":0.9516964835,"remaining_time":0.03759300039},
{"learn":[3.09645939],"iteration":962,"passed_time":0.9525434435,"remaining_time":0.03659824238},
{"learn":[3.096240186],"iteration":963,"passed_time":0.9532673339,"remaining_time":0.03559919504},
{"learn":[3.094838828],"iteration":964,"passed_time":0.9540301516,"remaining_time":0.03460212985},
{"learn":[3.094176802],"iteration":965,"passed_time":0.9547732812,"remaining_time":0.03360485669},
{"learn":[3.093182279],"iteration":966,"passed_time":0.9554887488,"remaining_time":0.03260716516},
{"learn":[3.090150687],"iteration":967,"passed_time":0.9562231827,"remaining_time":0.03161068373},
{"learn":[3.088612829],"iteration":968,"passed_time":0.956944614,"remaining_time":0.03061432718},
{"learn":[3.087153684],"iteration":969,"passed_time":0.9577221776,"remaining_time":0.02962027354},
{"learn":[3.085866843],"iteration":970,"passed_time":0.9585150034,"remaining_time":0.02862712163},
{"learn":[3.082669094],"iteration":971,"passed_time":0.9592534347,"remaining_time":0.02763281499},
{"learn":[3.081047548],"iteration":972,"passed_time":0.959988123,"remaining_time":0.02663893044},
{"learn":[3.079684322],"iteration":973,"passed_time":0.9607303121,"remaining_time":0.02564577835},
{"learn":[3.07613431],"iteration":974,"passed_time":0.9614619125,"remaining_time":0.02465286955},
{"learn":[3.074005935],"iteration":975,"passed_time":0.9622154745,"remaining_time":0.02366103626},
{"learn":[3.072988853],"iteration":976,"passed_time":0.962953892,"remaining_time":0.0226693342},
{"learn":[3.072344268],"iteration":977,"passed_time":0.9636772609,"remaining_time":0.02167781159},
{"learn":[3.070654438],"iteration":978,"passed_time":0.9644325524,"remaining_time":0.02068752155},
{"learn":[3.069724506],"iteration":979,"passed_time":0.9651744438,"remaining_time":0.01969743763},
{"learn":[3.067763166],"iteration":980,"passed_time":0.967008481,"remaining_time":0.01872901237},
{"learn":[3.066737893],"iteration":981,"passed_time":0.9678045723,"remaining_time":0.01773979868},
{"learn":[3.065248174],"iteration":982,"passed_time":0.9685613771,"remaining_time":0.01675029848},
{"learn":[3.063186837],"iteration":983,"passed_time":0.9693061709,"remaining_time":0.01576107595},
{"learn":[3.062880371],"iteration":984,"passed_time":0.9700303805,"remaining_time":0.01477203625},
{"learn":[3.061288645],"iteration":985,"passed_time":0.970774851,"remaining_time":0.01378382141},
{"learn":[3.059970575],"iteration":986,"passed_time":0.9715132114,"remaining_time":0.01279602001},
{"learn":[3.059576341],"iteration":987,"passed_time":0.9723060283,"remaining_time":0.01180938496},
{"learn":[3.058175919],"iteration":988,"passed_time":0.9730511552,"remaining_time":0.01082261143},
{"learn":[3.056830702],"iteration":989,"passed_time":0.9738119343,"remaining_time":0.009836484185},
{"learn":[3.056336579],"iteration":990,"passed_time":0.9745271294,"remaining_time":0.008850397744},
{"learn":[3.055810414],"iteration":991,"passed_time":0.9752624591,"remaining_time":0.007865019831},
{"learn":[3.055476518],"iteration":992,"passed_time":0.9759643136,"remaining_time":0.006879909562},
{"learn":[3.053331734],"iteration":993,"passed_time":0.9766965809,"remaining_time":0.005895552802},
{"learn":[3.050890374],"iteration":994,"passed_time":0.9774598487,"remaining_time":0.004911858536},
{"learn":[3.04972623],"iteration":995,"passed_time":0.9782007573,"remaining_time":0.003928517098},
{"learn":[3.047217327],"iteration":996,"passed_time":0.9789441798,"remaining_time":0.002945669548},
{"learn":[3.047155483],"iteration":997,"passed_time":0.9796551956,"remaining_time":0.001963236865},
{"learn":[3.04430671],"iteration":998,"passed_time":0.9807178405,"remaining_time":0.00098169954},
{"learn":[3.042664195],"iteration":999,"passed_time":0.9822397351,"remaining_time":0}
]}